35II|pub|Theses/A/CStar/TowardsVN.lean|ok|mathlib|Theorem (Uniform Boundedness), cstar.tex parsec-350.20. The thesis's set F of bounded maps is rendered as an indexed family and "sup < infinity" as BddAbove; both faithful. Closed by Mathlib's `banach_steinhaus`; the thesis's own proof (35III-35V, after Sokal, with the ball lemma r‖T‖ <= sup_{xi in B_r(x)} ‖T xi‖ and the 3^{-n} Cauchy sequence) is not transcribed.
35VI|hellinger_toeplitz|Theses/A/CStar/TowardsVN.lean|ok|faithful|Two hypotheses are assumed that the source does not assume. (a) The point says "if either X or Y is complete"; ours fixes `[CompleteSpace X]`, the doc admitting "by symmetry we state the case that the domain X is complete". The recovery is immediate — the statement is symmetric in (T,X)/(S,Y), so instantiating with the roles swapped gives the other disjunct — but it is never recorded. (b) The source's T is an *adjointable map*, and 32I explicitly notes that such a T "must be linear, and a module map"; ours takes T and S as given ℂ-linear maps `X →ₗ[ℂ] Y`, so ℂ-linearity is assumed rather than derived (the 𝒜-module-map half is not claimed by 35VI itself). Conclusion (T and T* bounded) matches. Proof is the thesis's: bound ⟪T*y,·⟫, apply 35II over the unit ball of Y, then the ‖Tx‖² = ‖⟪Tx,Tx⟫‖ <= B‖Tx‖‖x‖ step that is the content of the cited `chilb-form-bounded`.|repaired: on both counts -- hellinger_toeplitz (TowardsVN.lean:222) now takes the DISJUNCTION CompleteSpace X ∨ CompleteSpace Y, the second disjunct discharged by instantiating the first with the roles swapped; and T, S are bare maps with ℂ-linearity in the CONCLUSION, derived by linear_of_isAdjointTo from definiteness, which is what 32I says an adjointable map must be. -- 2026-08-26 A/VN stmt pass: RECLASSIFIED weaker -> ok, reason 4. The repair was IN PLACE and re-read at TowardsVN:222: the hypothesis is the DISJUNCTION CompleteSpace X or CompleteSpace Y, the second disjunct discharged by instantiating hellinger_toeplitz_aux with the roles swapped; and T, S are BARE maps X -> Y, Y -> X with C-linearity in the CONCLUSION (the existential over T' : X ->l[C] Y with coe T' = T), derived by linear_of_isAdjointTo from definiteness -- which is what 32I says an adjointable map must be. Neither assumed hypothesis survives. Axiom-clean in situ.
36I|IsBoundedModuleMap|Theses/A/CStar/TowardsVN.lean|ok|none|Auxiliary definition of a (bounded) module map between pre-Hilbert 𝒜-modules, as 32I introduces it: 𝒜-linear (`T (a • x) = a • T x`) and continuous. Mathlib's `CStarModule` writes the module action on the left where the thesis writes it on the right; the mirror is applied uniformly (⟪x, a•y⟫ = a ⟪x,y⟫ against the thesis's ⟪x, y·a⟫ = ⟪x,y⟫a), so nothing is lost.
36I|SelfDual|Theses/A/CStar/TowardsVN.lean|ok|none|Definition `self-dual`, parsec-360.10, rendered clause for clause.  (An earlier note here said 36II "has no declaration anywhere in the tree"; that expired — see the 36II row below.)
36II|selfDual_hilbert|Theses/A/CStar/TowardsVN.lean|ok|mathlib|Example parsec-360.20: every Hilbert space is self-dual, by Riesz. Stated at TowardsVN.lean:516 and proved through Mathlib's `InnerProductSpace.toDual`, which is the Riesz representation the Example appeals to.|2026-08-27 coverage pass: row added; the point was formalized and unrecorded (case (a)). It has four consumers, and 36V `chilb_form_representation` five — so the standing observation that 36II's absence left 36V used by nothing has expired at both ends. `exists_rho` (39IX) now takes the thesis's own route through 36II and 36V (TowardsVN.lean:2257), not straight to Mathlib.
35IX|hellinger_toeplitz_needs_complete, c00, c00T, c00T_isAdjointTo, c00T_isSymmetric, c00T_not_bounded, c00T_not_continuous, c00_not_complete, xN, c00T_xN, norm_c00T_xN, norm_xN_le|Theses/A/CStar/TowardsVN.lean|ok|mild|Example `hellinger-toeplitz-needs-complete`, parsec-350.90: completeness may not be dropped from 35VI -- on c00, the finitely supported sequences, T a = (n a_n)_n is self-adjoint but unbounded. CONVERTED 2026-08-29, TowardsVN.lean:240-483. The carrier is `c00` (:276), the finite-support Submodule of `lp (fun _ : N => C) 2`; Mathlib's Submodule.innerProductSpace supplies the pre-Hilbert structure, and `c00_eq_span` (:305) checks it is the same subspace 5III spans by the coordinate vectors lp.single 2 n z. T is `c00T` (:348), self-adjoint as `c00T_isAdjointTo` (:370, the file's own IsAdjointTo of 4VIII) and equivalently `c00T_isSymmetric` (:379, Mathlib's LinearMap.IsSymmetric); unbounded as `c00T_not_bounded` (:444) and `c00T_not_continuous` (:462). The headline `hellinger_toeplitz_needs_complete` (:479) packages the two into the existential the Example asserts. PROOF IS `mild` FOR ONE REASON, and only one: the thesis bounds the source vectors x_N = (1, 1/2, ..., 1/N, 0, ...) by the printed constant pi over sqrt 6, whereas `norm_xN_le` (:419) bounds them by sqrt of the p-series tsum sum' 1/k^2 -- the same bound left unevaluated, because sum 1/n^2 = pi^2/6 is `hasSum_zeta_two` in Mathlib.NumberTheory.ZetaValues and importing NumberTheory into a C*-algebra file to name a constant the argument never uses is not worth it. Every other step is the thesis's: `c00T_xN` (:387) is its computation that T sends x_N to (1, ..., 1, 0, ...), and `norm_c00T_xN` (:401) is its 2-norm sqrt N. Also proved, beyond the Example: `c00_not_complete` (:471), which is what stops 35IX being a counterexample to 35VI, and which is 4IX's missing clause 2. REPAIRED 2026-08-29, after the row was first written: c00_not_complete closed via Mathlib's LinearMap.IsSymmetric.continuous, not via this file's own 35VI `hellinger_toeplitz` (:222) sitting 250 lines above it, so the claim that the proof is mild for one reason and only one was not yet true. It now applies hellinger_toeplitz at script-A = C with T as its own adjoint, which is also what gives c00T_isAdjointTo (the 4VIII hypothesis 35VI takes) a consumer besides the headline existential. The remaining mildness is the pi over sqrt 6 constant alone.|2026-08-27 coverage pass: row added to record the skip rather than leave the point invisible. 2026-08-29 35IX conversion pass: CONVERTED, and BOTH recorded reasons for the skip are withdrawn as wrong. (a) The file header said stating it `requires either constructing c00 or an unwieldy existential over types with instances`. Neither is true: c00 is one 12-line Submodule of l2 whose pre-Hilbert structure is an instance lookup, and the statement is an ordinary existential over c00 -> c00 linear maps, no quantification over types. (b) This row blamed 4IX, `c00 exists neither in the tree nor in Mathlib, no inner-product instance on Finsupp`. The Finsupp half is true and irrelevant -- the carrier is a submodule of l2, so Finsupp never enters -- and the 2026-08-27 correction on the 4IX row had already noted that the l2 carrier was in the tree at Basic.lean:660. The skip therefore rested on a premise that was already known false when it was written. Verified: scripts/lean1.sh Theses/A/CStar/TowardsVN.lean, exit 0, no errors, no new warnings.
36III|selfDual_pi|Theses/A/CStar/TowardsVN.lean|ok|none|Exercise parsec-360.30, 𝒜^N is self-dual, rendered on Mathlib's `WithCStarModule 𝒜 (Fin N → 𝒜)`. asols publishes no solution for parsec 360, so there is no thesis argument to match; ours is the obvious standard-basis one. (Our proof never uses the boundedness half of `IsBoundedModuleMap`, which is correct — for 𝒜^N every module map is bounded.)
36IV|IsBoundedForm|Theses/A/CStar/TowardsVN.lean|ok|none|Definition `chilb-form`, parsec-360.40: both clauses ([x,·] and [·,y]* module maps) are fields. Since B is a bare function the module-map conditions are phrased as existence of an agreeing linear map, which is faithful. Only the *bounded* variant is defined; the point defines "(bounded) form" with the parenthesis optional, so the unbounded notion is not available — it is not used.
36V|inner_add_left'|Theses/A/CStar/TowardsVN.lean|ok|none|Private auxiliary: additivity of the 𝒜-valued inner product in its first argument (32I). Not a transcription of 36V.
36V|inner_smul_left'|Theses/A/CStar/TowardsVN.lean|ok|none|Private auxiliary: conjugate-homogeneity in the first argument (32I). Not a transcription of 36V.
36V|ext_inner_left'|Theses/A/CStar/TowardsVN.lean|ok|none|Private auxiliary: definiteness of the inner product separates points, i.e. the "definite" clause of 32I's pre-Hilbert module. Not a transcription of 36V.
36V|chilb_form_representation|Theses/A/CStar/TowardsVN.lean|stronger|faithful|Proposition `chilb-form-representation`, parsec-360.50. The source takes X and Y to be self-dual *Hilbert* 𝒜-modules — hence both complete, by 32I — where ours assumes `CStarModule` (pre-Hilbert) plus `[CompleteSpace X]` only, so Y need not be complete. That is a genuine, and true, generalisation: completeness enters only through 35VI, where one of the two suffices. The doc comment reads this the other way round ("Completeness restored"), which is right about X but does not record that Y's completeness has been dropped. Conclusion is the point's `∃!` including adjointability and the module-map clause. Proof is the thesis's, with the ℂ-linearity and 𝒜-linearity of T and S — which the thesis leaves at "we get a map" and "clearly adjoint" — verified by hand, since our 35VI takes linear maps.|left-benign: dropping [CompleteSpace Y] is a true generalisation -- completeness enters only through 35VI, where either side suffices -- and the doc comment at TowardsVN.lean:578 now records the DROPPED Y as well as the restored X, which is the omission the row flagged.
37II|hilb_weakly_bounded_complete|Theses/A/CStar/TowardsVN.lean|ok|faithful|Proposition `hilb-weakly-bounded-complete`, parsec-370.20, with both hypotheses (Cauchy *and* bounded) and the uniqueness. The thesis's net is generalised to an arbitrary `[l.NeBot]` filter, which is standard and costs nothing. Proof is the thesis's: 35II gives sup_α ‖⟪y_α,·⟫‖ < ∞, then Riesz (`InnerProductSpace.toDual`). **37IV** (the Remark that boundedness may not be omitted, with its unbounded-functional net y_F) is not converted; the doc says so.
4XV|inner_polarization|Theses/A/CStar/TowardsVN.lean|ok|none|Private auxiliary: the polarization identity of 4XV (`inner-product-basic`, clause `polarization-identity`) in the form the proof of 37VII uses, ⟪y,Sx⟫ as a combination of four diagonal values. Not a transcription of a point of this chapter.
37V|swot_tendsto_iff|Theses/A/CStar/TowardsVN.lean|ok|none|Definition `swot`, parsec-370.50, has two numbered items and only item 1 is rendered — and item 1 only through its embedded net-convergence claim, the topology itself being Mathlib's `ContinuousLinearMapWOT` rather than the thesis's "least topology making T ↦ ⟪x,Tx⟫ continuous" (the doc argues the two agree by polarization, and the theorem proves the nets agree, but no equality of topologies is stated). Item 2, the strong operator topology, is formalized nowhere; the doc says it is only mentioned for comparison. **The doc's own description of item 2 reproduces the error that erratum `parsec-370.50` corrects**: it says SOT is "the least topology making T ↦ ‖T x‖ continuous", where the erratum says it is the topology *induced by the seminorms*, "which is not always the least topology that makes all these seminorms continuous". A stale erratum note, in the direction of restating the uncorrected form.|[WITHDRAWN 2026-08-27 -- FALSE, see the correction at the end of this field] repaired: 37V is converted in full. swot_topology_eq (TowardsVN.lean:809) states the definition ITSELF -- Mathlib's WOT is the infimum of the topologies induced by T ↦ ⟪x,Tx⟫ -- so swot_tendsto_iff is now the consequence the point draws; sot_tendsto_iff (TowardsVN.lean:852) renders item 2; and the doc's item 2, which had restated the uncorrected 'least topology' form, now carries erratum parsec-370.50's 'induced by the seminorms' wording. -- 2026-08-26 A/VN stmt pass: repair VERIFIED. swot_topology_eq (TowardsVN:571) states the DEFINITION itself -- Mathlib's WOT is the infimum of the topologies induced by T -> <x,Tx> -- so this declaration is the consequence the point draws; sot_tendsto_iff (:614) renders item 2. Both axiom-clean in situ. The stale erratum wording is gone: the item-2 doc now says 'the topology induced by the seminorms', which is parsec-370.50's corrected text. stmt stays `weaker` -- and the reason is NOT the named declaration but item 2a, see the correction below.  2026-08-27 stmt-class pass: STAYS `weaker`, and the recorded evidence is corrected. Under the convention now in docs/STATEMENT-AUDIT.md a row is `weaker` only when some clause of the point is stated NOWHERE in the tree. THE PREVIOUS STATUS LINE IS FALSE: it said "37V is converted in full" and "sot_tendsto_iff (:614) renders item 2". Re-read cstar.tex:6252-6282 -- 37V is in cstar.tex, not vn.tex -- and the Definition makes FOUR claims, two per item: (1a) the WOT IS the least topology making T maps-to <x,Tx> continuous (:6256-6260), (1b) the net characterisation (:6261-6266), (2a) the SOT IS the topology INDUCED BY THE SEMINORMS T maps-to norm(Tx) (:6268-6272), (2b) its net characterisation (:6273-6278). Stated: 1a as swot_topology_eq (TowardsVN:571), 1b as this declaration (:542), 2b as sot_tendsto_iff (:614). NOT STATED: 2a. sot_tendsto_iff lives on Mathlib PointwiseConvergenceCLM and characterises net convergence there; that Mathlib topology IS the seminorm-induced topology of the definition is asserted only in the doc comment (:516-517, :608-610). The repair is asymmetric: item 1 got its topology-identity theorem precisely because the net characterisation was judged insufficient, and item 2 did not. A grep over Theses/ finds swot_topology_eq as the only *_topology_eq declaration in the tree; there is no SOT counterpart. SEPARATELY CONFIRMED and not a gap: the erratum is asols.tex:298-303 (berr.tex has no parsec-370 entry), and the doc now carries its corrected "induced by the seminorms" wording, so the stale-erratum half of this row finding is genuinely closed.  2026-08-27 coverage-gap pass: RECLASSIFIED weaker -> ok. The residue this row had been carrying -- item 2a, that the SOT IS the topology INDUCED BY THE SEMINORMS T maps-to norm(T x) -- is now stated, as `sot_withSeminorms` (TowardsVN.lean:880), which has its own row below. All four claims of the Definition are therefore in the tree: 1a swot_topology_eq, 1b this declaration, 2a sot_withSeminorms, 2b sot_tendsto_iff. The asymmetry between the two items, which is what this row's previous reading was about, is gone.
37V|swot_topology_eq|Theses/A/CStar/TowardsVN.lean|ok|none|37V item 1a (cstar.tex:6256-6260), the WOT itself: Mathlib's topology on H →WOT[ℂ] H equals ⨅ over x ∈ H of the topology induced by T ↦ ⟪x,T x⟫, which is the printed 'least topology making T ↦ ⟪x,T x⟫ continuous for every x' -- an infimum of induced topologies is exactly that least topology. Renders its clause in full and identifies the Mathlib carrier with the thesis's object rather than assuming the two agree, which is the whole reason the declaration exists: Mathlib defines the WOT from the maps T ↦ y (T x) with y in the dual, and the two descriptions agree only through Riesz and polarization (inner_polarization). Item 1b is swot_tendsto_iff, which has its own row and carries the point's residue. Definition, so the thesis gives no proof; the polarization argument is ours|2026-08-27 A/CStar+A/VN unrowed pass: row added. This declaration was added by an earlier repair and named only inside another row's status prose, so audit_check.py's UNROWED check reported it.
37V|sot_tendsto_iff|Theses/A/CStar/TowardsVN.lean|ok|none|37V item 2b (cstar.tex:6273-6278), the net characterisation of the SOT: T_α → T strongly iff ‖T_α x − T x‖ → 0 for every x. Renders that clause in full, on Mathlib's H →Lₚₜ[ℂ] H (PointwiseConvergenceCLM, spelled here as UniformConvergenceCLM over the finite sets). The point's residue is item 2a, that the SOT IS the topology induced by the seminorms T ↦ ‖T x‖, which no declaration of ours states -- the identification of Mathlib's carrier with the thesis's object lives in doc comments (TowardsVN:509-517 and :608-610) where item 1 got a theorem of its own (swot_topology_eq). That residue is already recorded, as the reason the swot_tendsto_iff row is `weaker`; it is not counted a second time here. NEW AND MATERIAL for whoever closes it: unlike item 1a, item 2a needs no mathematics. Mathlib's PointwiseConvergenceCLM.withSeminorms (Analysis/LocallyConvex/PointwiseConvergence.lean:65) states verbatim that the topology of the carrier this very declaration is stated over is induced by the seminorm family A ↦ ‖A x‖, x ∈ E (PointwiseConvergenceCLM.seminorm, ibid.:38). So closing 2a is a restatement of about 3 lines with proof class mathlib, not the 60-plus-line polarization argument that item 1a needed. The asymmetry between the two items in the tree is therefore an omission, not a difficulty. Definition, no thesis proof; the thesis states item 2 'only for comparison' (37VI) and never uses it|2026-08-27 A/CStar+A/VN unrowed pass: row added. CONFIRMS the reconciliation pass's finding on its facts -- nothing under Theses/ states item 2a, and the withdrawal of 'converted in full' was right -- and adds the fact that closes it: the clause is a Mathlib one-liner away, PointwiseConvergenceCLM.withSeminorms.  2026-08-27 coverage-gap pass: The residue named in this row's note -- item 2a -- is CLOSED, and closed exactly as the note predicted: `sot_withSeminorms` (TowardsVN.lean:880) is `PointwiseConvergenceCLM.withSeminorms`, three lines, proof class mathlib, with a companion `sot_seminorm_apply` (`rfl`) identifying the seminorm indexed by x with the thesis's T maps-to norm(T x). The costing in this note held exactly. Class stays `ok`; the row's own declaration is unchanged.
37V|sot_withSeminorms|Theses/A/CStar/TowardsVN.lean|ok|mathlib|37V item 2a (cstar.tex:6268-6272), the strong operator topology ITSELF: the topology of Mathlib's H ->Lpt[C] H IS the one induced by the seminorms T maps-to norm(T x), x in H. Stated as `WithSeminorms (PointwiseConvergenceCLM.seminormFamily (RingHom.id C) H H)`, which is Mathlib's 'induced by this family of seminorms' -- deliberately NOT 'the least topology making them continuous', the form erratum parsec-370.50 corrects and warns need not be the same thing. The carrier is the same one sot_tendsto_iff is stated over: PointwiseConvergenceCLM (RingHom.id C) H H is by definition UniformConvergenceCLM (RingHom.id C) H over the finite subsets. A companion `sot_seminorm_apply` proves by rfl that the seminorm indexed by x sends T to norm(T x), so the family really is the thesis's. This is the item-2 counterpart of swot_topology_eq, which does the same job for item 1. Definition, so the thesis gives no proof; the one-line proof is Mathlib's PointwiseConvergenceCLM.withSeminorms|2026-08-27 coverage-gap pass: declaration ADDED and row added. Closes the gap recorded in the sot_tendsto_iff and swot_tendsto_iff rows; both are updated. COSTING HELD EXACTLY: estimated ~3 lines with proof class mathlib, actual 3 lines plus a 2-line `rfl` companion. Mathlib re-verified today rather than trusted: PointwiseConvergenceCLM.withSeminorms and PointwiseConvergenceCLM.seminorm are in Analysis/LocallyConvex/PointwiseConvergence.lean at lines 65 and 38 of the pinned Mathlib, as the earlier note recorded. Axiom-clean in situ: propext, Classical.choice, Quot.sound.
37VII|bh_wot_bounded_complete|Theses/A/CStar/TowardsVN.lean|ok|faithful|Lemma `bh-wot-bounded-complete`, parsec-370.70, hypotheses and conclusion verbatim. REPAIRED 2026-08-21: the last step is now the thesis's own -- the net of adjoints (T_alpha)* is fed through 37II as well, producing a map S adjoint to T, and 35VI `hellinger_toeplitz` makes T bounded. Previously that step applied 35II twice to bound the norms of T_alpha uniformly, and Hellinger-Toeplitz was not used at all.|repaired 2026-08-21; axiom-clean in situ.
37IX|re_inner_comm|Theses/A/CStar/TowardsVN.lean|ok|none|Private auxiliary: Re⟪x,y⟫ = Re⟪y,x⟫.
37IX|inner_self_ofReal_re|Theses/A/CStar/TowardsVN.lean|ok|none|Private auxiliary: the diagonal values of a self-adjoint operator are real — one half of 25V.1 (`hilb-positive-operators`), which the thesis's proof of 37IX cites.
37IX|re_inner_mono|Theses/A/CStar/TowardsVN.lean|ok|none|Private auxiliary: S <= T gives Re⟪x,Sx⟫ <= Re⟪x,Tx⟫.
37IX|le_of_re_inner|Theses/A/CStar/TowardsVN.lean|ok|none|Private auxiliary: the converse for self-adjoint S, T — this is the 25V (`hilb-positive-operators`) step the thesis's proof of 37IX invokes twice.
37IX|inner_self_im_eq_zero|Theses/A/CStar/TowardsVN.lean|ok|none|Private auxiliary: Im⟪x,Sx⟫ = 0 for self-adjoint S.
37IX|re_diag_tendsto_of_wot|Theses/A/CStar/TowardsVN.lean|ok|none|Private auxiliary: WOT convergence gives convergence of the real diagonal values.
37IX|hilb_suprema_1|Theses/A/CStar/TowardsVN.lean|ok|faithful|Proposition `hilb-suprema`, parsec-370.90, part 1, in its errata-corrected form: `parsec-370.90` adds the non-emptiness of D and our `hne` carries it. Hypotheses (D nonempty, upwards directed in the self-adjoint part, sup_{T∈D}⟪x,Tx⟫ < ∞ pointwise) and conclusion (WOT convergence of the net (T)_{T∈D} to a *self-adjoint* T') match. The proof performs exactly the repair of erratum `parsec-370.100`: it replaces D by its cofinal tail above a chosen d₀ (the map F) so that the diagonal net is bounded from below as well as above, then applies 37VII.
37IX|hilb_suprema_2|Theses/A/CStar/TowardsVN.lean|ok|faithful|Part 2: the WOT limit is the supremum of D in the self-adjoint part. Stated with T' and its convergence as hypotheses rather than re-deriving them. Proof is the thesis's, through the diagonal characterisation of the order (25V).
37IX|hilb_suprema_3|Theses/A/CStar/TowardsVN.lean|ok|faithful|Part 3: ⟪x,T'x⟫ = sup_{T∈D}⟪x,Tx⟫, stated as an `IsLUB` in ℂ with the `ComplexOrder`, which is the same claim since all the values are real. Proof is the thesis's.
37XI|exists_isLUB_of_normBounded_directed|Theses/A/CStar/TowardsVN.lean|ok|faithful|The well-definedness claim inside Definition parsec-370.110 ("which exists by hilb-suprema"): a nonempty norm-bounded directed set of self-adjoint operators has a supremum. The reduction of norm-boundedness to the pointwise bound of 37IX is ours, but it is what the thesis's parenthetical intends.
37XI|bhSup|Theses/A/CStar/TowardsVN.lean|ok|none|Definition of ⋁D, parsec-370.110. Non-emptiness is carried in the bundled hypothesis, in line with erratum `parsec-370.90`.
37XI|isLUB_bhSup|Theses/A/CStar/TowardsVN.lean|ok|none|That ⋁D is the least upper bound — the defining property.
38I|BHNormal|Theses/A/CStar/TowardsVN.lean|ok|none|Definition `bh-normal`, parsec-380.10, as `Theses.PreservesDirSups`. One difference of shape, which is harmless: the thesis quantifies over *norm-bounded* directed D (for which ⋁D exists by 37XI), ours over directed D that *have* a supremum. The two agree, because the cofinal tail of a directed set above any of its elements is norm-bounded, has the same supremum, and has cofinal image — the same tail argument erratum `parsec-370.100` makes. **38Ia** (the Notation point, "n" abbreviates "normal") is not converted separately; the doc says so.
38II|vector_functional_normal|Theses/A/CStar/TowardsVN.lean|ok|faithful|Example parsec-380.20: all vector functionals ⟪x,(·)x⟫ on B(H) are normal. Proof is the thesis's one-line justification — 37IX parts 1, 2 and 3 — spelled out.
38III|isSelfAdjoint_of_re_diag|Theses/A/CStar/TowardsVN.lean|ok|none|Private auxiliary: real diagonal values force self-adjointness (25V.1).
38III|ofReal_mul_le_ofReal_mul|Theses/A/CStar/TowardsVN.lean|ok|none|Private auxiliary: multiplication by a nonnegative real is monotone on ℂ.
38III|re_inner_le_norm_mul|Theses/A/CStar/TowardsVN.lean|ok|none|Private auxiliary: Re⟪x,Tx⟫ <= ‖T‖‖x‖².
38III|bh_normal_effects|Theses/A/CStar/TowardsVN.lean|ok|none|Exercise `bh-normal-effects`, parsec-380.30, stated exactly (a positive linear functional preserving directed suprema of effects is normal). asols publishes no solution for parsec 380, so there is no thesis argument to match; ours rescales an arbitrary bounded directed D affinely, a ↦ M⁻¹(a − d₀) with M = ‖s − d₀‖+1, into the unit interval.
38IV|inner_le_inner_of_le|Theses/A/CStar/TowardsVN.lean|ok|none|Private auxiliary: monotonicity of the diagonal values as an inequality in ℂ, without assuming the two operators separately self-adjoint.
38IV|bh_functional_lemma_1|Theses/A/CStar/TowardsVN.lean|ok|faithful|Not a separate clause of the Lemma: this is the first step of its proof (parsec-380.50), that ∑ₙ⟪xₙ,Txₙ⟫ converges, stated on its own. The Cauchy–Schwarz estimate ∣⟪xₙ,Txₙ⟫∣ <= ‖xₙ‖²‖T‖ is the thesis's.
38IV|bh_functional_lemma_2|Theses/A/CStar/TowardsVN.lean|ok|faithful|Lemma `bh-functional-lemma`, parsec-380.40: a square-summable sequence gives an np-map on B(H). Linearity, positivity and normality are all delivered (bundled as an `NPFunctional`). Proof is the thesis's: reduce to effects by 38III so the summands are nonnegative, then interchange the two suprema, using normality of the finite partial sums (38II).
38VI|vectorFunctionalCLM|Theses/A/CStar/TowardsVN.lean|ok|none|The vector functional bundled as a continuous functional on B(H); auxiliary packaging for 38VI.
38VI|vectorFunctionalCLM_apply|Theses/A/CStar/TowardsVN.lean|ok|none|Its defining equation.
38VI|vector_functional_convergence_1|Theses/A/CStar/TowardsVN.lean|ok|none|Exercise `vector-functional-convergence`, parsec-380.60, part 1, both directions of the iff, with operator-norm convergence rendered as `HasSum` in the dual of B(H) (i.e. unconditional, matching the thesis's ∑_α over an unordered index). asols publishes no solution for parsec 380.
38VI|vector_functional_convergence_2|Theses/A/CStar/TowardsVN.lean|ok|none|Part 2, in the form the current cstar.tex carries and which erratum `parsec-380.60` dictates — the converse ("drop the 'if' part of point 2: it is false") is *correctly* absent, and the doc comment records both the erratum and a counterexample (x_α = i·x). This is a doc comment about an erratum that is accurate, in a module where the neighbouring 37V one is not. No thesis solution; the estimate is ours.
39II|IsOrthonormalBasis|Theses/A/CStar/TowardsVN.lean|ok|none|Definition parsec-390.20: orthonormal (via Mathlib's `Orthonormal`, the same two clauses) plus maximality under inclusion. **39III** (the Remark that every Hilbert space has one, by Zorn) is not a separate declaration; the existence is nevertheless obtained inside `bh_np` from `exists_maximal_orthonormal`.
39IV|orthonormal_1|Theses/A/CStar/TowardsVN.lean|ok|mathlib|Proposition `orthonormal`, parsec-390.40, part 1 (Bessel), together with the summability the point's ∑ presupposes. Closed by `Orthonormal.inner_products_summable` / `tsum_inner_products_le`; the thesis's finite-subset expansion of ‖x − ∑_{e∈F}⟪e,x⟫e‖² is not transcribed.|left 2026-08-21: Mathlib's `Orthonormal.tsum_inner_products_le` IS the thesis's finite-subset expansion, and nothing in Mathlib's proof rests on 39IV. Stop-list: transcribing would duplicate a step Mathlib settles that the chapter's point is not about.
39IV|orthonormal_2|Theses/A/CStar/TowardsVN.lean|ok|mathlib|Part 2: ∑_{e∈E}⟪e,x⟫e converges. Obtained from Mathlib's `OrthogonalFamily.summable_of_lp`; the thesis's Cauchy-partial-sums argument from part 1 is not transcribed.|left 2026-08-21: same reason as orthonormal_1 -- Mathlib's lp route is the thesis's Cauchy-partial-sums argument, no inversion.
39IV|orthonormal_3|Theses/A/CStar/TowardsVN.lean|ok|mathlib|Part 3: the sum is x when E is maximal. Routed through `maximal_orthonormal_iff_orthogonalComplement_eq_bot` and `HilbertBasis.mkOfOrthogonalEqBot`; the thesis's direct contradiction (adjoin e' = ‖x−y‖⁻¹(x−y) to E) is not transcribed.|left 2026-08-21: same reason -- `maximal_orthonormal_iff_orthogonalComplement_eq_bot` is the thesis's adjoin-a-unit-vector contradiction, no inversion.
39IV|orthonormal_4|Theses/A/CStar/TowardsVN.lean|ok|mild|Part 4 (Parseval). Derived by applying ⟪x,·⟫ to part 3, where the thesis expands ⟨x,x⟩ over E × E directly; the same identity, one step reorganised.|left 2026-08-21: the same identity, one step reorganised (apply <x,.> to part 3 instead of expanding <x,x> over E x E). Cosmetic.
39VI|sum_ketbras_1|Theses/A/CStar/TowardsVN.lean|ok|none|Exercise `sum-ketbras`, parsec-390.60, part 1: ∑_{e∈E}ketbra(e,e) → 1 in the weak operator topology, as a `HasSum` in Mathlib's WOT type copy. No published solution for parsec 390; our proof uses 39IV.3.
39VI|sum_ketbras_2|Theses/A/CStar/TowardsVN.lean|ok|none|Part 2: the directed set of finite partial sums has 1 as its supremum. Stated as an `IsLUB` in all of B(H) rather than in the self-adjoint part, which is the same claim since every upper bound of a set containing 0 is automatically positive and hence self-adjoint. No published solution.
39VI|ketbra_sum_apply|Theses/A/CStar/TowardsVN.lean|ok|none|Private auxiliary: the action of a finite ∑ketbra(e,e).
39VI|ketbra_sum_inner|Theses/A/CStar/TowardsVN.lean|ok|none|Private auxiliary: its diagonal values are the Bessel partial sums.
39VI|ketbra_sum_isSelfAdjoint|Theses/A/CStar/TowardsVN.lean|ok|none|Private auxiliary: it is self-adjoint.
39VI|ketbra_sum_mono|Theses/A/CStar/TowardsVN.lean|ok|none|Private auxiliary: the partial sums increase with the index set — the directedness part 2 needs.
39VII|ketbra_sum_nonneg|Theses/A/CStar/TowardsVN.lean|ok|none|Private auxiliary: the partial sums are positive.
39VII|ketbra_sum_le_one|Theses/A/CStar/TowardsVN.lean|ok|none|Private auxiliary: they are below 1 (Bessel).
39VII|ketbra_sum_norm_le_one|Theses/A/CStar/TowardsVN.lean|ok|none|Private auxiliary: hence of norm at most 1 — the "since ‖P‖ <= 1" of the thesis's proof of 39VII.
39VII|ketbra_sum_sandwich|Theses/A/CStar/TowardsVN.lean|ok|none|Private auxiliary: PAP = ∑_{e,e'∈F}⟪e,Ae'⟫ketbra(e,e'), the identity opening the thesis's proof of 39VII.
39VII|ketbra_sum_idem|Theses/A/CStar/TowardsVN.lean|ok|none|Private auxiliary: P*P = P, the thesis's "note that P*P = P".
30IV|npf_kadison|Theses/A/CStar/TowardsVN.lean|ok|none|Private auxiliary: Kadison's inequality (30IV.1, `omega_norm_basic_1`) restated with real parts for an np-functional on B(H). Not a transcription of 30IV; it calls the general statement.
39VI|sum_ketbras_3|Theses/A/CStar/TowardsVN.lean|ok|none|Part 3: ω 1 = ∑_{e∈E} ω(ketbra(e,e)) for every np-map, stated as a `HasSum` (unconditional, the thesis's ∑ convention). No published solution; our proof applies normality to the directed set of partial sums of part 2.
39VII|bh_np_lemma|Theses/A/CStar/TowardsVN.lean|ok|faithful|Lemma `bh-np-lemma`, parsec-390.70. Ours states the *square* partial-sum limit lim_F ∑_{e,e'∈F}, where the point writes ∑_{e,e'∈E}, which under the thesis's own convention for ∑_{i∈I} (6II) means the unordered sum — and in that reading the statement was false, with an explicit ℓ² counterexample (block-diagonal DFT blocks of size k⁸ against x constant k⁻⁵ on the k-th block). That was erratum `parsec-390.70`, and it has been APPLIED: Bram accepted it and fixed the source on 2026-08-22 (29fc8c6), cstar.tex:6643 now prints the square-partial-sum limit itself, and the row that used to carry this in the errata file was removed with the fix and must not be restored. So ours is no longer a repair of a printed defect -- it IS the printed statement, and also exactly what the thesis's proof establishes and what 39IX consumes. Proof is the thesis's, verbatim: A − PAP = P⊥A + PAP⊥, Kadison's inequality, ∣ω(A−PAP)∣ <= 2‖A‖ ω(1)^{1/2} ω(P⊥)^{1/2}, and ω(P⊥) → 0 by 39VI.3.|2026-08-29 AMBIG re-derivation: the operative verdict is REPAIRED -- there is no divergence left on this row in either column. The opening phrase that filed it against a defect in the printed text is the verdict it carried BEFORE 2026-08-26 and is superseded; it is what made this field read two ways. The erratum was accepted and applied to the source on 2026-08-22 (29fc8c6), and the row that carried it was deleted by that same commit -- re-confirmed today: ERRATA.md now carries neither a `parsec-390.70` row nor one keyed to this point, and none is to be restored. Re-derived at the source: cstar.tex:6643-6655, read today, prints the Lemma as the limit over finite subsets F of E of the sum over e and e-prime in F, which is exactly `bh_np_lemma`'s Tendsto over Finset E at A/CStar/TowardsVN.lean:2114 (green). The declaration's doc comment (:2108-2113) already records the acceptance. Proof is the thesis's verbatim -- A - PAP = P-perp A + P A P-perp, Kadison, then omega(P-perp) -> 0 by 39VI.3 -- and 39IX consumes this form.
39IX|ketbra_apply'|Theses/A/CStar/TowardsVN.lean|ok|none|Private auxiliary: the action of ketbra(a,b).
4XIX|ketbra_star|Theses/A/CStar/TowardsVN.lean|ok|none|Private auxiliary re-proving 4XIX.2 (ketbra(x,y)* = ketbra(y,x)) locally, rather than importing it from `A/CStar/Basic` where `ketbra` is defined.
39IX|ketbra_add_left|Theses/A/CStar/TowardsVN.lean|ok|none|Private auxiliary: ketbra(·,z) is additive.
39IX|ketbra_smul_left|Theses/A/CStar/TowardsVN.lean|ok|none|Private auxiliary: ketbra(·,z) is homogeneous.
39IX|ketbra_self_nonneg|Theses/A/CStar/TowardsVN.lean|ok|none|Private auxiliary: ketbra(x,x) >= 0.
39IX|exists_rho|Theses/A/CStar/TowardsVN.lean|ok|faithful|The first step of the thesis's proof of 39IX (parsec-390.100), stated separately: a positive omega on B(H) has a positive rho with omega(ketbra(y,x)) = <x, rho y>. This is the thesis's route: the form (x,y) -> omega(ketbra(y,x)) is a bounded form in the sense of 36IV on H, which is self-dual by 36II `selfDual_hilbert`, so 36V `chilb_form_representation` represents it and 35VI bounds the adjoint. Positivity of rho is the thesis's own argument.|verdict corrected 2026-08-21: the row still recorded the pre-ff6ee3b route through `InnerProductSpace.toDual`; 36II is now stated and 36V is used.
39IX|bh_np|Theses/A/CStar/TowardsVN.lean|ok|mild|Theorem `bh-np`, parsec-390.90. The point says ∑ₙ‖xₙ‖² = ‖ω‖; ours says `HasSum (fun n => ‖x n‖²) (ω 1)`, i.e. the norm is replaced by ω 1. For a positive functional on a unital C*-algebra these agree (17VI/20III), and the identification is standard in this tree, but ‖ω‖ itself does not appear in the statement. The sequence is indexed by ℕ, as the point requires, and the "at most countably many √ϱ e are nonzero" step of the proof is therefore genuinely carried out. Proof is the thesis's throughout (ϱ, √ϱ, an orthonormal basis, 39VI.3, and polarisation plus 39VII to conclude ω' = ω) except for the one local substitution recorded on `exists_rho`.|left 2026-08-21: the only substantive deviation the note records was `exists_rho`, which is now on the thesis's route; what remains is the rendering of the norm of omega as omega(1), a statement-level matter settled separately.
72II|bStarOmega|Theses/A/VN/Completeness.lean|ok|none|Definition `bstaromega`, vn.tex parsec-720.20, verbatim. NOTE ON THE MODULE: the file header still says "Statements only; every proof is `sorry`" — that is stale by the whole file: there is not one `sorry` in its 4246 lines and every statement below is proved. This is the same class of defect as the `A/Proc/Measurement` notes recorded in the standing observations, in the opposite direction (a claim that work is undone when it is done).
72III|bstaromega_np|Theses/A/VN/Completeness.lean|ok|none|Exercise `bstaromega-basic`, parsec-720.30, part 1's first sentence ("Note that b*ω is an np-map"). No solution is published for any vn.tex parsec — asols.tex's solutions stop at parsec 340 — so there is no thesis argument to match anywhere in this module's exercises.
72III|bstaromega_bound|Theses/A/VN/Completeness.lean|ok|none|Part 1's second sentence, ∣ω(a*bc)∣ <= ‖a‖_ω ‖b‖ ‖c‖_ω. Our statement matches the **current** vn.tex exactly. STALE ERRATUM NOTE: the doc comment says "vn.tex:3850 writes this bound with a leading ‖ω‖. That factor must not be there" — but vn.tex already reads without it, and the correction is asols.tex's own erratum `parsec-720.30`, which the doc does not cite. The mathematics of the note is right; the claim about the source is not.
72III|bstaromega_lipschitz|Theses/A/VN/Completeness.lean|ok|none|Part 1's third sentence, ‖b*ω − b'*ω‖ <= ‖b−b'‖_ω(‖b‖_ω+‖b'‖_ω), rendered pointwise (`… ≤ … * ‖a‖`), which is equivalent to the operator-norm form by taking the supremum over the unit ball. STALE ERRATUM NOTE, exactly as on `bstaromega_bound`: the leading ‖ω‖ the doc says vn.tex carries is not there, and asols.tex `parsec-720.30` is the (uncited) erratum that removed it.
72III|bstaromega_cauchy|Theses/A/VN/Completeness.lean|ok|none|Part 2, both of its claims — the limit exists in the operator norm and is an np-map. The intermediate "the sequence b₁*ω, b₂*ω, … is Cauchy" is not stated separately; it is subsumed. The thesis's sequence indexed by ℕ is kept as a sequence (not generalised to a net), as part 2 requires.
72IV|us_continuous_bounded_on_ball|Theses/A/VN/Completeness.lean|ok|none|Exercise parsec-720.40, verbatim: an ultrastrongly continuous linear functional is bounded by 1 on some ‖·‖_ω-ball. No published solution; our proof is continuity at 0 against the unit ball of ℂ.
72V|gnsVecₗ|Theses/A/VN/Completeness.lean|ok|none|Auxiliary: the GNS map A → ℋ_ω bundled as a ℂ-linear map. This is the thesis's ℋ_ω (parsec-720.50 clause 3), taken from `PositiveLinearMap.GNS`.
72V|gnsVec_norm|Theses/A/VN/Completeness.lean|ok|none|Auxiliary: ‖gnsVec ω a‖ = ‖a‖_ω, i.e. that ‖·‖_ω *is* the GNS norm.
72V|normal_functionals_lemma|Theses/A/VN/Completeness.lean|weaker|mild|Lemma `normal-functionals-lemma`, parsec-720.50, **with its fourth clause dropped**. That is the recorded repair of a thesis defect (ERRATA.md 72V.4): clause 4 — the decomposition into np-maps dominated by Bω on 𝒜⁺ — is strictly stronger than 1–3, so the printed Lemma is false as an equivalence; the module supplies a formalized counterexample (`normal_functionals_lemma_four_counterexample` / `_not_equivalent`). Our clause 3 renders "for some b ∈ ℋ_ω" by an existential over a completion (ι, φ) rather than over the fixed ℋ_ω, which is equivalent by uniqueness of completions. Proof: 1 ⇒ 2 is the thesis's rescaling ã = δ(ε+‖a‖_ω)⁻¹a and 2 ⇒ 3 its Riesz extension (with a transport of ℋ_ω to ℓ²(w) that is ours), but the circle is closed by a direct 3 ⇒ 1 (Cauchy–Schwarz) where the thesis goes 3 ⇒ 4 ⇒ 1.|left-thesis: clause 4 is FALSE as an equivalence — ERRATA.md 72V.4, with the counterexample formalized in this same file as `normal_functionals_lemma_four_counterexample` / `_not_equivalent`. Restoring the clause would import a falsehood. The clause-3 rendering over a completion rather than the fixed ℋ_ω is equivalent by uniqueness of completions. -- 2026-08-26 A/VN stmt pass: LEFT under reason 1 (the strong form is FALSE), reason RE-VERIFIED LIVE. ERRATA.md 72V.4 is still present and OPEN (ERRATA.md:38), and vn.tex:3886-3910 still prints all four clauses as equivalent, so the defect is unfixed at the source. The counterexample is formalized in this same file as normal_functionals_lemma_four_counterexample (:778) and _not_equivalent (:853), both axiom-clean in situ. Restoring clause 4 would import a falsehood.
72V|normal_functionals_lemma_of_dominated|Theses/A/VN/Completeness.lean|ok|faithful|The surviving half 4 ⇒ 1 of the deleted clause, stated on its own. The thesis's argument at parsec-720.70 unchanged: ∣f_k(a)∣² <= f_k(1) f_k(a*a) <= f_k(1) B ω(a*a).
44II|polVec|Theses/A/VN/Completeness.lean|ok|none|Auxiliary: the vectors ½(iᵏb+1) of the polarisation identity.
44II|polarisation_four|Theses/A/VN/Completeness.lean|ok|none|Polarisation (`mult-polarization`, 44II), in the form 72V's proof uses it. Writing ½(iᵏb+1) in place of (iᵏb+1) absorbs the thesis's leading ¼ exactly, so this is the same identity, not a variant; the reason for the reshuffle (the np-cone in `Basic.lean` carries no positive-scalar action) is recorded in the doc.
72V|normal_functionals_decomposition|Theses/A/VN/Completeness.lean|weaker|faithful|The other surviving half, 3 ⇒ 4, **minus the domination clause f_k <= Bω** that the thesis's clause 4 carries — the clause that ERRATA.md 72V.4 shows is false. So relative to the printed 3 ⇒ 4 this concludes less. Proof is the thesis's parsec-720.100 argument: a ‖·‖_ω-Cauchy sequence approximating the Riesz vector, polarisation, and 72III.2 for the limits; only the closing paragraph (the domination, whose displayed inequality ω(c*ac) <= ‖c‖_ω ω(a) is where the thesis goes wrong) is dropped.|left-thesis: same defect — the dropped domination `f_k ≤ Bω` is exactly what ERRATA.md 72V.4 shows to be false, and the thesis's own closing inequality `ω(c*ac) ≤ ‖c‖_ω ω(a)` is where the printed argument goes wrong. -- 2026-08-26 A/VN stmt pass: LEFT under reason 1, reason RE-VERIFIED LIVE. Same defect: the dropped domination f_k <= B.omega is exactly what ERRATA.md 72V.4 (still OPEN) shows to be false, and the erratum's own prescribed fix is to 'state 3 => 4 without the domination', which is what this declaration does.
72V|vectorPairFunctional|Theses/A/VN/Completeness.lean|ok|none|Auxiliary for the counterexample: ⟪η,(·)ξ⟫ as a linear functional on B(H). Not a thesis statement.
72V|normal_functionals_lemma_four_counterexample|Theses/A/VN/Completeness.lean|ok|none|Ours, not the thesis's: on B(H) with ξ ⊥ η unit, ⟪η,(·)ξ⟫ satisfies clause 2 against ω = ⟪ξ,(·)ξ⟫ but admits no ω-dominated decomposition. This is the witness for ERRATA.md 72V.4.
72V|normal_functionals_lemma_four_not_equivalent|Theses/A/VN/Completeness.lean|ok|none|Ours: the counterexample is inhabited (H = ℂ²), so the four printed conditions of parsec-720.50 are genuinely inequivalent.
72XI|luws|Theses/A/VN/Completeness.lean|ok|none|Corollary `luws`, parsec-720.110, all five clauses, in the printed order and shape (clause 4 as `BddAbove` of the values on a ‖·‖_ω-ball, clause 5 as ∣f(a)∣ <= ‖a‖_ω with no constant). The thesis gives no proof for this Corollary. Our cycle is 1→4→3→2→1 plus 3→5→4; the one step worth recording is 3 → 5, where the thesis would read the bound off clause 4 of 72V — impossible, since that clause is false. Ours instead dominates every ‖·‖_{f_k} by ‖·‖_{ω'} for the *new* np-functional ω' = Σₖ f_k, which is what ERRATA.md 72V.4 says leaves 72XI unaffected.
73II|RadiallyOpen|Theses/A/VN/Completeness.lean|ok|none|Definition parsec-730.20, verbatim (`∀ a ∈ s, ∀ v, ∃ t > 0, ∀ s' ∈ [0,t), a + s'•v ∈ s`).
73III|radialTopology|Theses/A/VN/Completeness.lean|ok|none|Exercise parsec-730.30, part 1: the radially open sets form a topology. Deliberately a plain `def`, not an instance. No published solution.
73III|radialTopology_continuous, radiallyOpen_offParabola, not_isOpen_offParabola, radialTopology_add_not_jointly_continuous|Theses/A/VN/Completeness.lean|ok|none|COVERED (2026-08-27 stmt-class pass): the point IS fully stated in the tree; the status field says which declaration carries which clause. The original finding, taken against the named declaration alone, follows. Part 2 itself is faithful (translations and multiplication by a fixed scalar are radially continuous). What this row carries is that **parts 3 and 4 of this six-part exercise are stated nowhere**. Part 3 (the annulus-pair subset of ℝ² that is radially open but not open) is genuinely pictorial. Part 4 — "**show that addition on ℝ² is not jointly radially continuous**" — is not: it is an ordinary mathematical assertion, and it is the one that justifies the whole detour through `hahn_banach` rather than a topological-vector-space separation theorem. The doc comment lumps the two together as "pictorial counterexamples, not converted".|repaired: parts 3 and 4 are now stated (ff6ee3b). Part 4 — the one the row calls out, since it justifies the whole detour through 73IV `hahn_banach` — is `radialTopology_add_not_jointly_continuous` (:1152): addition on ℝ² is not continuous from the PRODUCT of two radial topologies to the radial topology. Part 3 is thrown in as well, on our own witness: `radiallyOpen_offParabola` (:1064) and `not_isOpen_offParabola` (:1119). -- 2026-08-26 A/VN stmt pass: repair VERIFIED. Part 4 -- the one this row calls out, since it is what justifies the detour through 73IV hahn_banach -- is radialTopology_add_not_jointly_continuous (Completeness:1152): addition on R^2 is not continuous from the PRODUCT of two radial topologies to the radial topology. Part 3 is radiallyOpen_offParabola (:1064) with not_isOpen_offParabola (:1118), on our own witness rather than the thesis's, because the thesis's set is given ONLY by a tikz picture (vn.tex:4043-4056) and so cannot be transcribed; the mathematical content, that a radially open set need not be open, is delivered. All three axiom-clean in situ. With rows 84, 86 and 87 of this file all six parts of the exercise are covered. stmt stays `weaker` for the named part-2 declaration.  2026-08-27 stmt-class pass: RECLASSIFIED weaker -> ok under the `stmt` convention now written into docs/STATEMENT-AUDIT.md (a row grades the POINT, not the named declaration in isolation). Re-read vn.tex:4032-4070 clause by clause against the tree: part 1 (radially open sets form a topology) is radialTopology (Completeness.lean:1001, row 86); part 2 (translations and multiplication by a fixed scalar) is this declaration (:1020); part 3 (a radially open set that is not open) is radiallyOpen_offParabola (:1064) with not_isOpen_offParabola (:1118), on our own witness because the thesis gives its set ONLY as a tikz picture at vn.tex:4045-4053; part 4 (addition on R^2 is not jointly radially continuous) is radialTopology_add_not_jointly_continuous (:1152); part 5 is radialTopology_segment (:1190, row 88); part 6, both halves, is radialTopology_add (:1221, row 89). All six parts covered. lean_name extended to the three parts that had no row of their own. CORRECTION to the previous status line, which said "with rows 84, 86 and 87 all six parts are covered": row 84 is 72XI luws and is unrelated; the covering rows are 86, 87, 88 and 89.
73III|radialTopology_segment|Theses/A/VN/Completeness.lean|ok|none|Part 5: {t ∣ t•x + (1−t)•y ∈ s} is open in ℝ for radially open s. No published solution.
73III|radialTopology_add|Theses/A/VN/Completeness.lean|ok|none|Part 6, both of its sentences: A + B is radially open, and so is the positive dilate {λa : a ∈ A, λ > 0}. No published solution.
73IV|hahn_banach|Theses/A/VN/Completeness.lean|ok|faithful|Theorem `hahn-banach`, parsec-730.40, verbatim. The proof is a different route, and the doc says so: the thesis takes K maximal by Zorn and shows V/H is one-dimensional for H = {x ∣ x, −x ∉ K}; ours runs the Minkowski-gauge proof through Mathlib's `exists_extension_of_le_sublinear`. Neither uses a topology on V, which is the point.|left: transcribing the thesis's Zorn-maximal-K argument would duplicate what Mathlib settles. 73IV's point is a Hahn-Banach with no topology on V, and Mathlib's `exists_extension_of_le_sublinear` is exactly that; the Minkowski-gauge derivation of the geometric form from it is the content of our proof and is not hidden. The thesis's own argument (K maximal, V/H one-dimensional) is an independent proof of the same theorem, not a step the Proposition is about. -- 2026-08-26 A/VN route pass: REPAIRED (in tree at 49a49f0; recorded here only now). Mathlib exists_extension_of_le_sublinear and the whole Minkowski-gauge apparatus are gone; the proof is now vn.tex:4076-4157 step by step. Zorn over the radially open convex sets missing 0 (new private exists_maximal_radiallyOpen_convex); then vn.tex:4100-4110, x in K with l > 0 gives l x in K and K is closed under addition via x+y = 2(x/2+y/2), both by maximality; then the cone Kbar = {x : x + y in K for all y in K} with x in Kbar iff -x not in K, the second direction by maximality applied to {l x + y : y in K, l >= 0}; then H = Kbar cap -Kbar is a linear subspace; then vn.tex:4135-4152, the connectedness step -- S_0 and S_1 are open by 73III.5 radialTopology_segment (a new private radiallyOpen_neg supplies -K radially open), nonempty and disjoint, so by isPreconnected_Icc they cannot cover [0,1] and any s they miss puts s x + s-perp y in H; then V/H is one-dimensional, f is the linear map with ker f = H, and f(K) is convex and misses 0 so f or -f is the map wanted. Still no topology on V, which is 73IV point.
73VIII|ultraclosed|Theses/A/VN/Completeness.lean|ok|faithful|Exercise `ultraclosed`, parsec-730.80: an ultrastrongly closed convex subset of a von Neumann algebra is ultraweakly closed. The exercise's five enumerated items are the steps of its own proof, and the Lean proof transcribes all five (ball at a₀, convexity and radial openness of B, 73IV giving f and its ℂ-linear extension g, ∣f(b)∣ <= f(k) and ultraweak continuity by 72XI clause 4, and the strictly positive lower bound δ). The exercise's headline consequence "hence the ultrastrong and ultraweak closures of convex sets coincide" is not itself a declaration; both inclusions exist as `usClosure_subset_uwClosure` and `mem_usClosure_of_mem_uwClosure`.
74I|USCont|Theses/A/VN/Completeness.lean|ok|none|Private: the set S of the thesis's proof at parsec-740.20, spelled as an ε–δ condition in the seminorms ‖·‖_ω. Not a thesis statement.
74I|usCont_sfun|Theses/A/VN/Completeness.lean|ok|none|Auxiliary: s(t) = 1/(1+t²) ∈ S, via s = 1 − t·e(t); the thesis's e and s.
74I|usCont_sfun_sub|Theses/A/VN/Completeness.lean|ok|none|Auxiliary: the translates s(t−c) ∈ S. These replace the thesis's two-parameter family e(at+b).
74I|kapGen|Theses/A/VN/Completeness.lean|ok|none|Auxiliary: s(·−c) extended to the one-point compactification ℝ ∪ {∞}, for Stone–Weierstraß.
74I|usCont_of_tendsto_zero|Theses/A/VN/Completeness.lean|ok|none|Auxiliary: every continuous g vanishing at infinity is in S — the Stone–Weierstraß half of the thesis's proof.
74I|proto_kaplansky|Theses/A/VN/Completeness.lean|ok|mild|Proposition `proto-kaplansky`, parsec-740.10. Hypothesis f(t) = O(t) is rendered exactly as the point spells it (∃ n ∈ ℕ, b, ∣f(t)∣ <= b∣t∣ for ∣t∣ >= n), except that b is allowed to be any real where the point says b ∈ [0,∞) — a weaker hypothesis, so a benign generalisation. Conclusion is `ContinuousOn` of `a ↦ cfc f a` on the self-adjoint part for the ultrastrong topology. Proof is the thesis's plan step for step; the one deviation, which the doc records, is that we adjoin only the translates s(t−c) of s(t) = 1/(1+t²) instead of the thesis's e(at+b), which separates ℝ ∪ {∞} just as well and, being positive, removes the thesis's "taking real parts if necessary".|left: the thesis's plan step for step. The single deviation -- adjoining the translates of 1/(1+t^2) rather than the thesis's e(at+b) -- separates R union {infinity} just as well and, being positive, removes the thesis's 'taking real parts if necessary'.
74III|abs_us_cont|Theses/A/VN/Completeness.lean|ok|faithful|Corollary `abs-us-cont`, parsec-740.30: a ↦ ∣a∣ is ultrastrongly continuous on the self-adjoint part. One application of 74I with b = 1, n = 0, which is the thesis's one-line justification.
74IV|mem_usClosure_iff|Theses/A/VN/Completeness.lean|ok|none|Auxiliary: membership of the ultrastrong closure in terms of the seminorms.
74IV|convex_usClosure|Theses/A/VN/Completeness.lean|ok|none|Auxiliary: the ultrastrong closure of a convex set is convex (the ‖·‖_ω are seminorms).
74IV|closure_subset_closure_of_continuous_id|Theses/A/VN/Completeness.lean|ok|none|Auxiliary: comparison of closures under a comparison of topologies.
43I|usClosure_subset_uwClosure|Theses/A/VN/Completeness.lean|ok|none|Auxiliary consequence of 43I (`uwweaker`, the ultrastrong topology is finer), not a transcription of it.
74IV|continuous_ultraweak_realPart|Theses/A/VN/Completeness.lean|ok|none|Auxiliary: a ↦ ½(a + a*) is ultraweakly continuous — the step of the thesis's 74IV proof where the *ultraweak* topology is forced, because the adjoint is not ultrastrongly continuous.
74IV|realPart_mem_of_mem_uwClosure|Theses/A/VN/Completeness.lean|ok|none|Auxiliary, the ultraweak half of the preceding.
74IV|exists_net_of_mem_usClosure|Theses/A/VN/Completeness.lean|ok|none|Auxiliary: a point of an ultrastrong closure is the limit of the tautological net indexed by the set.
74IV|mem_usClosure_selfAdjointPart|Theses/A/VN/Completeness.lean|ok|none|Auxiliary: the thesis's first step in 74IV, that at a self-adjoint point the self-adjoint part of S has the same ultrastrong closure as S.
74I|usTendsto_cfc|Theses/A/VN/Completeness.lean|ok|none|Auxiliary: transport of an ultrastrong limit through the functional calculus of 74I.
49IV|matStarSubalgebra|Theses/A/VN/Completeness.lean|ok|none|Auxiliary: M_N(S) as a ∗-subalgebra of M_N(𝒜), for the 2×2 trick. Rests on 49IV.1/.2' from `A/VN/Basic`.
74IV|antiDiag|Theses/A/VN/Completeness.lean|ok|none|Auxiliary: the matrix [[0,b],[b*,0]] of the thesis's 74IV trick.
73VIII|mem_usClosure_of_mem_uwClosure|Theses/A/VN/Completeness.lean|ok|faithful|73VIII in the direction the 2×2 trick needs: for convex K the ultraweak closure is inside the ultrastrong one. Immediate from `ultraclosed`.
74IV|kaplansky_sa|Theses/A/VN/Completeness.lean|ok|faithful|Kaplansky's density theorem, parsec-740.40, "moreover" clause 1, and it correctly retains the main claim's ‖a_α‖ <= ‖b‖. Hypotheses match (S a C*-subalgebra — a `StarSubalgebra` with `IsClosed` — and b in its ultrastrong closure). Proof is the thesis's: real parts converge ultraweakly, 73VIII moves back to the ultrastrong closure, and clamping by −‖b‖ ∨ (·) ∧ ‖b‖, ultrastrongly continuous by 74I, brings the norms down.
74IV|kaplansky_pos|Theses/A/VN/Completeness.lean|ok|mild|Clause 2, with ‖a_α‖ <= ‖b‖ retained. The thesis clamps to [−‖b‖,‖b‖] and then takes positive parts; ours clamps once with 0 ∨ (·) ∧ ‖b‖, which is the composite.|left: the single clamp is literally the composite of the thesis's two steps.
74IV|kaplansky_effects|Theses/A/VN/Completeness.lean|ok|faithful|Clause 3. Note the statement keeps ‖a_α‖ <= ‖b‖, which for an effect b is strictly stronger than the ‖a_α‖ <= 1 that "being an effect" alone gives — the thesis's own reading, since the "moreover" clauses add to the main claim rather than replace it. Proof is the thesis's remark that the positive case already delivers effects.
74IV|kaplansky|Theses/A/VN/Completeness.lean|ok|mild|The main claim of parsec-740.40. Statement matches. The proof follows the thesis's 2×2 trick but must repair it: the thesis asserts that B = [[0,b],[b*,0]] is the *ultrastrong* limit of [[0,a_α],[a_α*,0]], which needs a_α* → b* ultrastrongly and is false by the thesis's own 43II.4. Ours takes the ultraweak limit, where the adjoint is continuous, and returns by 73VIII — the step the thesis has already used for the self-adjoint case. Recorded in ERRATA.md (74V).|left: the deviation IS the ERRATA 74V repair. The thesis's ultrastrong limit needs a_alpha* -> b* ultrastrongly, which is false by its own 43II.4; restoring it would import the defect.
74VI|dense_subalgebra|Theses/A/VN/Completeness.lean|ok|mild|Corollary `dense-subalgebra`, parsec-740.60, verbatim including the ‖s_α‖ <= ‖a‖(1+ε) bound. Proof is the thesis's — norm closure, then 74IV, then norm approximation from S — but where the thesis builds the D × ℕ product net and prunes it to a subsequence, ours works directly with the ultrastrong-closure membership criterion, choosing one s ∈ S per (ω, δ). The a = 0 case, which the thesis's ‖s_{αn}‖ estimate does not cover, is split off explicitly.|left: the deviation is the ERRATA 74VII repair, including the a = 0 case the thesis's norm estimate does not cover.
75II|sequence_separation_lemma|Theses/A/VN/Completeness.lean|ok|faithful|Lemma `sequence-separation-lemma`, parsec-750.20, hypotheses and conclusion verbatim (S a von Neumann subalgebra, ω₀ ω₁ npu, separated by a net of effects of S; conclusion a projection q ∈ S). Proof is the thesis's, including the a_{nm} = (1+d)⁻¹d construction with d = ∑_{k=n}^m k b_k (reindexed to `Finset.range`, as the doc's indexing note says), the two estimates, and the closing ceiling step via 60I; erratum `parsec-750.30` (0 <= a_{nm} <= 1, not <= ½) is the form used. Worth recording: our binder for ω₀'s unitality is `_hω₀` — the hypothesis ω₀(1) = 1 is stated, as the source states it, and never used.
75VI|kadisons_lemma|Theses/A/VN/Completeness.lean|ok|faithful|Lemma `kadisons-lemma`, parsec-750.60, verbatim. Proof is the thesis's two lines: replace the approximating net by one of effects using 74IV clause 3, then apply 75II. Only the *effect* case of Kaplansky is used, so the dependency does not run through the general 74IV (whose own proof needs the effect case in M₂(𝒜)).
75VIII|projSup_mem_of_np|Theses/A/VN/Completeness.lean|ok|none|Auxiliary, and one of the two ingredients that let 75VIII avoid the thesis's relativised carriers: the supremum of a set of projections of a von Neumann subalgebra stays in it, and an np-functional killing the set kills the supremum. Not a thesis statement; it replaces the appeal to ⌈ω⌉_𝒮 that the thesis's proof (75IX) makes without justification.
75VIII|proj_le_npCarrier_compl|Theses/A/VN/Completeness.lean|ok|none|Auxiliary: a projection killed by ω lies below ⌈ω⌉^⊥.
75VIII|relCoceil|Theses/A/VN/Completeness.lean|ok|none|The relative co-carrier ⌈ω⌉_𝒮^⊥ of the thesis's proof at parsec-750.90, *defined* here as a `projSup` rather than transported from a von Neumann structure on 𝒮. The thesis introduces ⌈ω⌉_𝒮 only inside its proof and never states its existence.
75VIII|relCoceil_le_npCarrier_compl|Theses/A/VN/Completeness.lean|ok|none|Auxiliary: the thesis's "we do have ⌈ω⌉ <= ⌈ω⌉_𝒮", in complemented form.
75VIII|exists_unital_scaling|Theses/A/VN/Completeness.lean|ok|none|Auxiliary: normalising an np-functional with ω1 ≠ 0 to an npu-functional, so that 75VI (which is stated for npu-maps) applies where the thesis quantifies over np-maps.
75VIII|relCoceil_compl_le|Theses/A/VN/Completeness.lean|ok|faithful|The heart of the thesis's proof of 75VIII: 75VI puts a projection q ∈ 𝒮 between ⌈ω₁⌉_𝒮 and ⌈ω₀⌉_𝒮^⊥.
75VIII|projection_mem_of_mem_usClosure|Theses/A/VN/Completeness.lean|ok|route|The main step: a projection in the ultrastrong closure of a von Neumann subalgebra already lies in it. See `vnsac` for the route.|left, with the bare pointer replaced by the reason: the proof IS 75VIII.90's display -- p <= the join of the relative carriers of the omega_1, and >= the meet of the relative co-carriers of the omega_0, with Kadison's lemma (75VI) closing the sandwich. Its two deviations are precisely the two ERRATA 75IX repairs: complementing the second half of the display avoids the dual of 66IV.3 that the thesis never states, and relCoceil is DEFINED as a projSup so that no von Neumann structure has to be transported to S. That reads closer to `mild` than to `route`, but the verdict is left alone -- this pass repairs proofs, it does not re-audit. -- 2026-08-26 A/VN route pass: LEFT, reason 2 (erratum), re-verified: ERRATA.md 75IX is present and unchanged, and both deviations of this proof are what it prescribes -- complementing the right-hand half of 75VIII.90 display turns the dual of 66IV.3 (which the thesis states nowhere) back into 66IV.3 itself, and relCoceil is defined outright as a projSup so no von Neumann structure has to be transported to S. Otherwise the proof IS the printed display, closed by Kadison 75VI.
75VIII|norm_le_ultrastrong|Theses/A/VN/Completeness.lean|ok|none|Auxiliary: the norm topology is finer than the ultrastrong one.
75VIII|usClosureSubalgebra|Theses/A/VN/Completeness.lean|ok|none|**A fact the thesis asserts without proof** and states nowhere: the ultrastrong closure of a C*-subalgebra is again a ∗-subalgebra (parsec-750.90, "because the ultrastrong closure of 𝒮 …"). Recorded in ERRATA.md (75IX). Star-closedness cannot be had ultrastrongly (43II.4) and goes through the ultraweak topology and 73VIII.
44XIV|isVNSubalgebra_usClosureSubalgebra|Theses/A/VN/Completeness.lean|ok|none|The second half of that unstated fact: the ultrastrong closure is a von Neumann subalgebra — norm-closed because the ultrastrong topology is coarser, and closed under bounded directed suprema by 44XIV.
75VIII|vnsac|Theses/A/VN/Completeness.lean|ok|route|Theorem `vnsac`, parsec-750.80, both conclusions (ultrastrongly and ultraweakly closed). The proof takes a different, shorter route in two places, and the doc records both: (i) the thesis's display uses the *dual* of 66IV.3, p = ⋀_ω ⌈ω⌉^⊥, which is stated nowhere in the thesis — complementing the right-hand half turns it into 66IV.3 applied to p^⊥, so only 66IV.3 is used; (ii) the thesis's relativised carriers ⌈ω⌉_𝒮 presuppose a von Neumann structure on 𝒮, where ours defines ⌈ω⌉_𝒮^⊥ outright as a `projSup`. Both are in ERRATA.md (75IX).|left, re-verified 2026-08-21: both shortenings are the ERRATA 75IX repair -- the thesis's display uses a dual of 66IV.3 that the thesis never states, and complementing the right-hand half turns it back into 66IV.3 itself; and the relativised carrier needs no von Neumann structure on S. -- 2026-08-26 A/VN route pass: LEFT, reason 2 (erratum), re-verified: ERRATA.md 75IX present and unchanged; both shortenings are its prescribed repair.
38II|exists_npFunctional_vector|Theses/A/VN/Completeness.lean|ok|none|Auxiliary: the vector functional on B(H) as an `NPFunctional`, obtained from 38IV.2 at a one-term sequence rather than from 38II directly.
76I|omegaNorm_vector|Theses/A/VN/Completeness.lean|ok|none|Auxiliary: ‖S‖_ω = ‖Sx‖ for a vector functional — the identity the thesis's proof of 76I opens with.
39IX|hasSum_normSq_of_np|Theses/A/VN/Completeness.lean|ok|none|Auxiliary: ‖S‖_ω² = Σₙ‖Sxₙ‖² when ω = Σₙ⟪xₙ,(·)xₙ⟫; the form in which 39IX is consumed throughout parsec 760.
76I|cauchy_map_of_tendsto_dist|Theses/A/VN/Completeness.lean|ok|none|Auxiliary: turns the thesis's "‖(T_α−T_β)x‖ vanishes for large α, β" into Mathlib's `Cauchy` of a mapped filter.
76I|bh_us_complete|Theses/A/VN/Completeness.lean|ok|mild|Proposition `bh-us-complete`, parsec-760.10, with "ultrastrongly Cauchy net" rendered as the module's convention (‖T_i − T_j‖_ω → 0 along l ×ˢ l for every np-functional). Proof is the thesis's: pointwise norm-Cauchy, the limit map F, the contradiction argument for boundedness (with ‖zₙ‖ <= 2⁻ⁿ where the thesis writes ‖xₙ‖² <= 2⁻ⁿ — the same effect), and 39IX for the convergence. The one deviation is at the end: the thesis splits ∑ₙ‖(T−T_α)xₙ‖² into a head of N−1 terms and a tail, each below ½ε²; ours bounds *every* finite partial sum by (ε/2)² directly, which removes the tail estimate.|left: the thesis's proof throughout; the closing simplification bounds every finite partial sum directly instead of splitting head and tail.
76III|bh_bounded_uw_complete|Theses/A/VN/Completeness.lean|ok|faithful|Proposition `bh-bounded-uw-complete`, parsec-760.30, hypotheses (norm-bounded, ultraweakly Cauchy) and conclusion as printed. Proof is the thesis's, all of it: polarisation to get the form [x,y], boundedness from the uniform norm bound, representation of the form by **36V** `chilb_form_representation` at the self-dual Hilbert C-module H (self-duality being 36II), and the head/tail split against 39IX.|row was stale: the substitution of Riesz for 36V was undone in the session-94 pass that stated 36II, and `chilb_form_representation` is now called at A/VN/Completeness:3832. Re-verified and axiom-clean in situ 2026-08-21.
77I|omegaNorm_comp_starAlgHom|Theses/A/VN/Completeness.lean|ok|none|Auxiliary: ‖a‖_{ω∘ρ} = ‖ρ(a)‖_ω along a ∗-homomorphism.
77I|vn_complete_1|Theses/A/VN/Completeness.lean|ok|mild|Theorem `vn-complete`, parsec-770.10, first conclusion (ultrastrongly complete). Proof is the thesis's transport along ϱ_Ω, 76I inside B(ℋ_Ω), and 75VIII to land back in ϱ_Ω(𝒜) — but with the repair of ERRATA.md 77II: the thesis justifies "the ultrastrong topology of B(ℋ_Ω) coincides on ℛ with that of ℛ" by a forward reference to 89IX that is also stronger than 89IX delivers, and ours uses 48V instead, which is available at parsec 770 and is exactly what the construction of ϱ_Ω gives. The divergence is recorded in ERRATA but not in this doc comment.|left (the ERRATA 77II repair is correct and must stay), and the row's last sentence is no longer true: the doc comment of `vn_complete_1` now records the 77II divergence -- the thesis's forward reference to 89IX, that it is stronger than 89IX delivers, and that 48V is what the construction of rho-Omega actually gives. `vn_complete_2` points at it.
77I|vn_complete_2|Theses/A/VN/Completeness.lean|ok|mild|Second conclusion (bounded ultraweakly complete), same transport through 76III and the ultraweak half of 75VIII, with the same 77II repair.|left: the deviation IS the ERRATA 77II repair -- 48V in place of the thesis's forward and stronger-than-89IX-delivers claim about np-functionals of R.
77III|vn_ball_compact|Theses/A/VN/Completeness.lean|ok|mild|Theorem `vn-ball-compact`, parsec-770.30: the unit ball is ultraweakly compact. Proof runs the thesis's argument in ultrafilter form — Heine–Borel in ℂ in place of the embedding κ : 𝒜 → ℂ^Ω and Tychonoff — then 77I.2 for the limit and ultraweak closedness of the ball for membership. Our Ω is all np-functionals where the thesis's is the npu-maps; immaterial.|left: the thesis's argument in ultrafilter form; taking Omega to be all np-functionals rather than the npu-maps is immaterial.
44XI|uwTendsto_unique|Theses/A/VN/Completeness.lean|ok|none|Auxiliary for 77V: ultraweak limits are unique, by 44XI (the np-functionals separate points).
77V|UWTendsto.add|Theses/A/VN/Completeness.lean|ok|none|Auxiliary: ultraweak convergence is additive.
77V|UWTendsto.smul|Theses/A/VN/Completeness.lean|ok|none|Auxiliary: ultraweak convergence commutes with scalars.
77V|continuous_ultraweak_of_npFunctional|Theses/A/VN/Completeness.lean|ok|none|Auxiliary: ultraweak continuity is testable against the np-functionals of the codomain (42III).
77V|continuous_ultraweak_smul|Theses/A/VN/Completeness.lean|ok|none|Auxiliary: scalar multiplication is ultraweakly continuous.
44XI|isClosed_ultraweak_closedBall|Theses/A/VN/Completeness.lean|ok|none|Auxiliary: every closed ball around 0 is ultraweakly closed, from 44XI.3 and 73VIII.
77V|uw_map_of_cont|Theses/A/VN/Completeness.lean|ok|none|Auxiliary: an ultraweakly continuous map on a ∗-subalgebra carries convergent nets to convergent nets.
77V|vn_extension|Theses/A/VN/Completeness.lean|ok|route|Proposition `vn-extension`, parsec-770.50, existence and uniqueness of the ultraweakly continuous extension. One shade of difference: our `∃!` ranges over *linear* g, where the thesis's uniqueness is among ultraweakly continuous maps — recoverable, since S is dense and B is Hausdorff, but not stated. The proof's continuity paragraph is a genuine route divergence forced by a defect in the thesis's (ERRATA.md 77VI): the printed argument extracts a *single* np-functional ν from an ultraweak neighbourhood of 0, where a basic ultraweak neighbourhood is a finite intersection and the νᵢ cannot be combined. Ours runs the estimate in the ultrastrong gauge and converts back by 72XI clause 5. **This divergence is recorded in ERRATA.md but nowhere in the file** — neither the doc comment nor the proof's comments mention that the thesis's argument had to be replaced.|left (thesis's proof is defective -- ERRATA 77VI), and the row's last sentence is stale: the doc comment of `vn_extension` now spells the divergence out in full, including why a single np-functional cannot be extracted from an ultraweak neighbourhood of 0 and how the ultrastrong gauge plus 72XI clause 5 replaces it. The remaining shade -- our exists-unique ranges over linear g where the thesis's uniqueness is among ultraweakly continuous maps -- is a statement matter, not a proof one. -- 2026-08-26 A/VN route pass: LEFT, reason 2 (erratum), re-verified: ERRATA.md 77VI is present and unchanged -- the printed continuity paragraph extracts a SINGLE np-functional nu from an ultraweak neighbourhood of 0, and a basic ultraweak neighbourhood is a finite intersection whose nu_i cannot be combined, so the printed argument is not available. Ours runs the estimate in the ultrastrong gauge and converts back by 72XI clause 5, which is one of the two repairs the erratum offers. The staleness this row last flagged is gone: the doc comment of vn_extension now spells the divergence out in full.
77V|vn_extension_norm, vn_extension_norm_le, vn_extension_norm_eq|Theses/A/VN/Completeness.lean|ok|faithful|COVERED (2026-08-27 stmt-class pass): the point IS fully stated in the tree; the status field says which declaration carries which clause. The original finding, taken against the named declaration alone, follows. The "moreover" of parsec-770.50 says "g is bounded, and in fact ‖g‖ = ‖f‖". Ours states only that g inherits every bound C that f satisfies — i.e. ‖g‖ <= ‖f‖. The reverse inequality is immediate (g extends f and the inclusion S → 𝒜 is isometric) but is not stated, so the equation the point asserts is nowhere in the tree. Proof is the thesis's: the bound passes to the limit along the nets of 74VI.|repaired: the reverse inequality is `vn_extension_norm_le` (:4448) and the equation `‖g‖ = ‖f‖` is `vn_extension_norm_eq` (:4461), stated as the equality of the two bound-sets `{C ∣ ∀a, ‖g a‖ ≤ C‖a‖} = {C ∣ ∀s, ‖f s‖ ≤ C‖s‖}` — which, neither map being bundled with an operator norm, is what the equation amounts to. Both ff6ee3b. -- 2026-08-26 A/VN stmt pass: repair VERIFIED. vn_extension_norm_le (Completeness:4643) is the reverse inequality and vn_extension_norm_eq (:4656) is the equation the 'moreover' asserts, stated as the equality of the two bound-sets, which is what norm(g) = norm(f) amounts to when neither map is bundled with an operator norm. Both axiom-clean in situ. stmt stays `weaker` for the named declaration.  2026-08-27 stmt-class pass: RECLASSIFIED weaker -> ok under the `stmt` convention now in docs/STATEMENT-AUDIT.md. Re-read vn.tex:4878-4886: the Proposition has three claims and all three are stated. Existence and uniqueness of the ultraweakly continuous extension is vn_extension (Completeness.lean:4339, row 146); the "moreover, g is bounded" is this declaration (:4587); "and in fact norm(g) = norm(f)" is vn_extension_norm_eq (:4656), with vn_extension_norm_le (:4643) the reverse inequality it consumes. The equation is rendered as the equality of the two admissible-bound sets, and that IS the equation: each side is an up-closed ray whose infimum is the operator norm, and neither map is bundled with an operator norm to write norm(f) against. lean_name extended to the two declarations that had no row of their own.
