54XI|exists_isLinftyOf_of_starAlgEquiv|A/Proc/Duplicators|differs|route|Not a transcription of 54XI but of the one clause of it the tree never rendered: "f maps to f-circle : C(spec A) -> L^inf(spec A) is an nmiu-isomorphism". Ours delivers it as a presentation map q with IsLinftyOf mu C q rather than as an isomorphism onto a separate object, because L^inf has no carrier in the tree. The proof is not the thesis's: 54XI.2 gives only "measurable iff continuous almost everywhere", and the section builds the continuous representative by hand (exists_contRep).|left-benign: a `differs` row recording a RENDERING, not a defect — there is no separate `L^∞` object in the tree, so 54XI's `f ↦ f°` is delivered as a presentation `q` with `IsLinftyOf μ 𝒞 q` (surjective, additive, ℂ-homogeneous, multiplicative, ∗-preserving, unital, kernel = a.e.-zero). Read and checked: it IS 54XI's isomorphism clause. EXPIRED sub-claim, removed 2026-08-27: this field used to flag that `A/VN/Projections`'s 70III doc asserts this clause "has no declaration at all". That phrase is nowhere in the tree (grep, whole of Theses/ and docs/, 2026-08-27) and the 70III doc at Projections.lean:8069 now names `cvn_linfty` (:8272) as its third step. What remains true is only that THIS declaration is `private` and downstream of `A/VN`, so 70III could not have used it.  2026-08-26 A/Proc route pass: LEFT under (4), costed. 54XI's own clause is `f ↦ f-circle : C(spec A) -> L^inf(spec A) is an nmiu-isomorphism`, and the tree has NO carrier for L^inf: 51IX Linfty_vn itself delivers L^inf(X) only as an existentially quantified algebra with a quotient map. Matching the printed proof therefore needs an L^inf object first - an essential-sup C*-algebra on a measure space with its vN structure, which Mathlib does not have as a von Neumann algebra (MeasureTheory.Lp is a normed space only): several hundred lines, and a statement-level addition. What the section builds instead is the presentation q with IsLinftyOf mu C q; the one piece of mathematics it needs beyond 54XI.2 (which gives only a.e.-continuity) is the continuous representative, exists_contRep. 2026-08-26 route pass, second reading (session 98): reason (4) CONFIRMED by inspection: IsLinftyOf (Duplicators.lean:1336) is a Prop about a quotient map q : (X -> C) -> A, not an object, exactly mirroring 51IX Linfty_vn, so there is no L^inf carrier for 54XI's `f ↦ f-circle : C(spec A) -> L^inf(spec A)` to be an isomorphism ONTO. Building one - an essential-sup C*-algebra on a measure space with its von Neumann structure - is a statement-level addition and is not in Mathlib either (MeasureTheory.Lp is a normed space, with no VonNeumannAlgebra instance). Stands.
54XI|exists_ell_of_faithful|A/Proc/Duplicators|differs|none|A composite, not a thesis point: 54XI's measure (cvn_faithful_1) plus exists_isLinftyOf_of_starAlgEquiv plus the measure-theoretic core, giving "commutative + duplicable + faithful np-functional => l^inf(Y)". No single point states this.|left-benign: a `differs` row recording a COMPOSITE with no single thesis point behind it (54XI's measure + the presentation + the measure-theoretic core). Nothing to match, nothing to repair.  2026-08-26 A/Proc route pass: RECLASSIFIED (1): a composite with no single thesis point behind it (54XI's measure + the presentation + the measure-theoretic core). There is no printed proof to match.
115II|duplicable_of_nmiu_bijective|A/Proc/Duplicators|ok|none|Auxiliary with no thesis point of its own: duplicability transfers along an nmiu-isomorphism, via 115II tmap and 128XI. The thesis uses this silently in the proof of 127III ("A cong l^inf(Y)").
122VI|nsp_eq_linfEval|A/Proc/Duplicators|ok|none|122VI.2 (nsp(l^inf(Y)) = Y) read through an isomorphism psi : B -> l^inf(Y) rather than on l^inf(Y) itself. Auxiliary for 132III.5 and 132IV; no separate thesis statement.|2026-08-26 A/Proc route pass: RECLASSIFIED (1): an auxiliary for 132III.5 and 132IV with no separate thesis statement and hence no printed proof.
127I|Duplicator|A/Proc/Duplicators|ok|none|Definition, field by field: delta an npsu-map (positive linear + PreservesDirSups + delta 1 <= 1), unit u in [0,1]_A, and both unit laws delta(u (x) a) = a = delta(a (x) u). Neither associativity nor commutativity is imposed, as the point insists.
127I|Duplicable|A/Proc/Duplicators|ok|none|Definition: Nonempty (Duplicator A).
127III|duplicable_unique|A/Proc/Duplicators|ok|none|The Theorem's second sentence ("in that case the duplicator is unique, given by delta(a (x) b) = a.b and u = 1"). Rendered by the two defining equations rather than by a uniqueness quantifier; that is what "given by" says, and two normal maps agreeing on pure tensors agree.
127III|linf_nmiu_mul|A/Proc/Duplicators|ok|none|The easy direction's engine: multiplication on l^inf(X) as an nmiu-map out of the tensor. The thesis says only "we have already seen that l^inf(X) can be equipped with a commutative monoid structure" (proc.tex:6541) and gives no argument; this is built from 123I.3 (linf_tensor) plus 114II (tensor_uniqueness) plus 122II (linfMap along the diagonal).|2026-08-26 A/Proc route pass: RECLASSIFIED (1): proc.tex:6541 says only `we have already seen that l^inf(X) can be equipped with a commutative monoid structure` and gives no argument. Nothing to match.
127III|linf_duplicable|A/Proc/Duplicators|ok|none|Same; reads linf_nmiu_mul as a duplicator through 128XI.|2026-08-26 A/Proc route pass: RECLASSIFIED (1): as the previous row - the thesis gives no argument.
127III|exists_ell_of_isLinftyOf|A/Proc/Duplicators|ok|mild|The measure-theoretic core of the forward direction, on an algebra presented as L^inf(X,mu). Follows proc.tex:6541 (129VI splits X, 129X kills the continuous part, 130V finishes) with one addition the printed proof does not need: the null continuous part K must be absorbed into an atom of D to make X itself DiscreteSpace, because the repaired 129II.2 asks for a partition of the whole space.|left: the two deviations are forced and documented. The corner form is forced by cvn (70III), whose summands are corners z_i.A rather than an lp-sum, so duplicable_corner replaces cor:duplicable-product; and it stays forced even now that 130IV takes an arbitrary countable index, because 130IV's Nontrivial binder would still forbid the block of measure zero that the discrete/continuous split can produce. The comap-measure rendering of the continuous part is forced by completeness, which 129X needs.
127III|duplicable_forward|A/Proc/Duplicators|ok|mild|The forward direction. The thesis's route: 128VIII gives commutativity, cvn (70III) the decomposition, then the core. Note that the `cvn` this cites is 70III's *reduction* only (an orthogonal family of np-functionals with central carriers joining to 1 - see the A/VN/Projections audit); the direct sum and the nmiu-isomorphism are rebuilt here from 67IV.2, so what the thesis quotes as one citation is half-supplied locally.|LEFT-BENIGN (2026-08-28 proof-column sweep) a local deviation inside the thesis's own route, described in the note and checked to be local: the statement is the thesis's, the argument is the thesis's, and what differs is a step reorganised, reindexed, made precise, or taken from a sibling lemma. That is what the schema's `mild` means, and no action follows from it.
127III|duplicable|A/Proc/Duplicators|ok|faithful|The Theorem's main equivalence, on the nose: Duplicable A iff exists X and a bijective NMIUMap A (linf X). Both directions are the thesis's.
127VI|unit_duplicator|A/Proc/Duplicators|ok|faithful|Both conjuncts (u = 1 and delta(1 (x) 1) = 1). The thesis's proof (proc.tex:5932) step for step.
128II|tomiyama|A/Proc/Duplicators|ok|faithful|Tomiyama in the thesis's deliberately weakened von Neumann form (no positivity conclusion, no C*-generality - see the Remark at 128II.1). Hypotheses match: linear, range exactly the vN subalgebra S, idempotent, contractive. Proof is the thesis's (Blackadar II.6.10.2), including the (1+2lambda) inequality.
128VI|sef_instrument|A/Proc/Duplicators|ok|faithful|Both conclusions (p := f(1,0) central, f(a,b) = ap + bp-perp). The direct sum A (+) A is lp (Fin 2 -> A) infinity. Proof is the thesis's, through russo_dye_cor and tomiyama exactly as at proc.tex:6021.
128VIII|uniqueness_duplicator|A/Proc/Duplicators|ok|faithful|Both conclusions (A commutative, delta(a (x) b) = a.b). The thesis's proof verbatim, including "it suffices to show all p in [0,1]_A are central" (mem_span_effects supplies the "usual reasoning" the thesis leaves implicit). The trivial algebra is split off because sef_instrument needs a unit.
128VIII|monoid_e_and_mul|A/Proc/Duplicators|ok|faithful|128VIII applied to the duplicator of a W*_cpsu monoid; an auxiliary for 132III, not a separate point.
128XI|duplicability_multiplication|A/Proc/Duplicators|ok|faithful|Both clauses of the Corollary, including the parenthetical "(and in that case A is commutative)". The np-map is rendered as a positive linear map plus PreservesDirSups.
128XIII|lpKappa_normal|A/Proc/Duplicators|ok|none|Auxiliary: normality of the coprojection kappa_i, which the thesis uses without comment in the proof of 128XIII.
128XIII|duplicable_product|A/Proc/Duplicators|stronger|faithful|The thesis states the binary case (A (+) B duplicable => A and B duplicable); ours is for an arbitrary family, which the doc comment admits. Harmless generalisation - the proof is the thesis's pi_i . delta . (kappa_i (x) kappa_i) with i ranging over the family.|left-benign: `stronger` — the arbitrary-family form of the thesis's binary statement, by the thesis's own argument `πᵢ ∘ δ ∘ (κᵢ ⊗ κᵢ)`. The doc declares it. Not a defect.
128XIII|duplicable_corner|A/Proc/Duplicators|differs|none|Not in the thesis: the corner form (e.A.e of a duplicable A is duplicable). The doc explains why it is needed - 127III's splitting of L^inf(X) into discrete and continuous parts is a splitting into corners, not into an lp-sum, so cor:duplicable-product as printed does not apply. Same argument shape as duplicable_product with the compression a maps to eae in place of pi_i . kappa_i.|left-benign: a `differs` row for a declaration with NO thesis statement behind it — the corner form, needed because 127III's splitting of `L^∞(X)` is into corners rather than an lp-sum, so the printed corollary does not apply. The doc says so. Nothing to repair.  2026-08-26 A/Proc route pass: RECLASSIFIED (1): no thesis statement at all (the corner form, needed because 127III's splitting of L^inf(X) is into corners rather than an lp-sum, so the printed cor:duplicable-product does not apply). Nothing to match.
129II|AtomicSet|A/Proc/Duplicators|ok|none|Definition, part 1, on the nose (measurability of the set folded into the predicate).
129II|DiscreteSpace|A/Proc/Duplicators|differs|none|Definition, part 2, DELIBERATELY NOT the printed one. proc.tex:6207 says "X is discrete if X is covered by atomic measurable subsets"; ours says X is *partitioned* by them. The doc records the author's ruling (Bas Westerbaan, 2026-08-16). CAUTION, re-checked 2026-08-27: that ruling is NOT in QUESTIONS.md -- A6 was deleted when it landed (grep gives zero hits) -- it is in ERRATA.md, the 129II.2 row; the pointer 'QUESTIONS A6' in the Lean doc comment at Duplicators.lean:870 dangles. And a counterexample (mu = lambda + delta_0 on [0,1]) showing that under the printed definition 130V is false, 129VI vacuous, and 127III's proof has a gap. The parenthetical of 129II.2 ("this coincides with purely atomic, Fremlin 211K") is also false as printed and is proved for the repaired form by discrete_iff_purelyAtomic, with one exception (the zero measure) exhibited by purelyAtomic_not_discrete_of_measure_zero. This is a thesis defect, not a transcription defect.|left-thesis: the printed definition ("covered by atomic measurable subsets") is defective — under it 130V is FALSE, 129VI is vacuous and 127III's proof has a gap; ERRATA.md 129II.2, with the counterexample `μ = λ + δ₀` on [0,1]. RULED BY THE AUTHOR (Bas Westerbaan, 2026-08-16) and implemented: read "partitioned" for "covered", which is what this definition says. NOTE: QUESTIONS A6 no longer exists — it was deleted at `ffd073b` when the ruling landed, so this row is governed by the ERRATA entry, not by an open question. `proc.tex:6207` still prints "covered"; the tex fix is pending.
129II|PurelyAtomic|A/Proc/Duplicators|differs|none|Ours, not the thesis's: Fremlin's 211K, stated so that 129II.2's parenthetical can be proved rather than asserted.|left-benign: a `differs` row for OUR definition — Fremlin 211K, stated so that 129II.2's parenthetical can be proved rather than asserted. No thesis statement behind it; nothing to repair.
129II|ContinuousSpace|A/Proc/Duplicators|ok|none|Definition, part 3.
129II|discrete_iff_purelyAtomic|A/Proc/Duplicators|differs|route|The parenthetical of 129II.2, proved for the repaired definition and with the side condition 0 < mu(X) that the printed parenthetical does not carry. Neither the statement nor the proof is in the thesis.|left-thesis: the parenthetical of 129II.2 is false as printed, and this proves it for the REPAIRED definition, with the side condition `0 < μ(X)` the printed parenthetical lacks (the exception is exhibited by `purelyAtomic_not_discrete_of_measure_zero`). Governed by ERRATA.md 129II.2 and the 2026-08-16 ruling; A6 is deleted from QUESTIONS.md.  2026-08-26 A/Proc route pass: LEFT under (2): the printed parenthetical of 129II.2 is FALSE - ERRATA.md 129II.2 and the author's 2026-08-16 ruling - and this proves it for the repaired definition with the side condition 0 < mu(X) the printed form lacks. Re-checked; stands. 2026-08-26 route pass, second reading (session 98): reason (2) CONFIRMED against ERRATA.md line 74, the 129II.2 row, which carries the author's ruling of 2026-08-16 replacing the definition by the partition form and records that the printed parenthetical is false, with the counterexample X = [0,1], mu = lambda + delta_0. Stands.
129IV|measure_zorn|A/Proc/Duplicators|ok|faithful|Statement matches clause for clause. The thesis's beta_C argument verbatim. Note hmu (completeness) and hmeas (measurability of the members of S) are stated and never used, as the doc says - the lemma holds for arbitrary subsets of a finite measure space. Note also that 129VI, its only intended consumer, does not use it (see there).
129VI|exists_maximal_atom_family|A/Proc/Duplicators|differs|route|Not a thesis statement: a maximal pairwise-disjoint family of atoms by ordinary Zorn. It is the replacement for the printed proof of 129VI, which does not survive the repair of 129II.2.|left-thesis: 129VI's PRINTED PROOF does not survive the 129II.2 ruling — ERRATA.md 129II.2(c) sets this out (a countable union of partitioned sets need not be partitioned), and this Zorn argument on pairwise-disjoint families of atoms is the recorded replacement. No thesis statement corresponds; nothing to repair.  2026-08-26 A/Proc route pass: LEFT under (2): ERRATA.md 129II.2(c) - 129VI's printed proof does not survive the 129II.2 ruling (a countable union of partitioned sets need not be partitioned), and this Zorn argument is the recorded replacement. Re-checked; stands. 2026-08-26 route pass, second reading (session 98): reason (2) CONFIRMED against ERRATA.md line 74, item (c) of the 129II.2 row: 129VI's printed proof `clearly the countable union of discrete measurable subsets is again discrete` is false for the partition form, and the row itself names the replacement - `run Zorn on pairwise disjoint families of atoms and take D = union of the family`. Stands.
129VI|measure_space_continuous_discrete|A/Proc/Duplicators|ok|route|Statement matches (D discrete measurable, X \ D continuous), read against the repaired 129II.2 and inlined in terms of the ambient measure. THE PRINTED PROOF DOES NOT SURVIVE THE REPAIR and the doc says so: proc.tex:6283 applies 129IV to the collection of discrete measurable subsets, justified by "clearly the countable union of discrete measurable subsets is again discrete", which fails for the partition form (successive partitions need not refine one another). Ours runs Zorn on disjoint families of atoms instead - so the thesis's choice-free 129IV is replaced by ordinary Zorn and, despite being proved, is not used here.|left-thesis (A6): the printed proof does not survive the 129II.2 ruling, per ERRATA.md 129II.2(c), and the Zorn-on-disjoint-families replacement is the recorded route. Consequence re-checked this pass: the thesis's own choice-free 129IV measure_zorn is NOT orphaned - the audit's standing observation said it was "proved but unused by its intended consumer", which is true, but it does have a consumer: 129VIII continuous_measure_space_subset uses it.  2026-08-26 A/Proc route pass: LEFT under (2): ERRATA.md 129II.2(c) again - proc.tex:6283 applies 129IV to the collection of discrete measurable subsets on a ground that fails for the partition form. Re-checked; stands, and 129IV measure_zorn is not orphaned (129VIII continuous_measure_space_subset uses it). 2026-08-26 route pass, second reading (session 98): reason (2) CONFIRMED against ERRATA.md line 74, item (c) - same ground as the sibling row. The row also records that 129IV measure_zorn is not orphaned (129VIII uses it). Stands.
129VIII|continuous_measure_space_subset|A/Proc/Duplicators|stronger|faithful|The relative form (proc.tex:6311 states only B = X) (a measurable A inside a given B with mu(A) = r, for r <= mu(B)); the thesis states only B = X. The thesis's own proof with B in place of X throughout; the doc explains it cannot be got from the absolute form by restriction because a restriction of a complete measure need not be complete.|left-benign: `stronger` — the relative form (inside a given measurable `B`), by the thesis's own proof with `B` for `X`. The doc explains it cannot be got from the absolute form by restriction, since a restriction of a complete measure need not be complete. Not a defect.
129VIII|continuous_measure_space|A/Proc/Duplicators|ok|faithful|The point on the nose, as the B = univ case of the relative form.
129X|exists_dyadic_scale|A/Proc/Duplicators|ok|mild|The thesis's dyadic partition (proc.tex:6382), reindexed: instead of indexing the level-N blocks by words w in {1,2}^N they are indexed by initial segments, the block being S N (j+1) \ S N j. Same construction, one application of 129VIII per halving.|LEFT-BENIGN (2026-08-28 proof-column sweep) a local deviation inside the thesis's own route, described in the note and checked to be local: the statement is the thesis's, the argument is the thesis's, and what differs is a step reorganised, reindexed, made precise, or taken from a sibling lemma. That is what the schema's `mild` means, and no action follows from it.
129X|continuous_finite_measure_space_not_duplicable|A/Proc/Duplicators|ok|faithful|Statement matches (continuous finite complete X with L^inf(X) duplicable => mu(X) = 0), with L^inf(X) rendered by an IsLinftyOf presentation. The proof is now the thesis's step for step: the dyadic partition, the projections p_w, the descending q_N, delta(q) = 1 by normality, and (omega (x) omega)(q) = 0 for the INTEGRAL state omega, whence q = 0 by faithfulness of omega (x) omega (118IV.4).|repaired: the audit's finding was acted on. Until 2026-08-21 omega was an arbitrary non-zero np-functional, with the decay of omega(p_w) recovered by absolute continuity and the closing contradiction routed through carriers, on the stated ground that the integral state's normality needs 51IX Linfty-vn, "still sorry in the tree" - long false. exists_integralNP now transports 51IX's integral functional onto an arbitrary IsLinftyOf presentation and the thesis's own omega is used. The transport is documented on exists_integralNP, including that Linfty_vn's presentation carries no smul clause so the isomorphism is built as a *-ring order isomorphism.
130II|atomic_dichotomy|A/Proc/Duplicators|ok|faithful|The author's opening observation at proc.tex:6483 (a measurable set in an atomic space is null or co-null).
130II|ae_const_real_of_atomic|A/Proc/Duplicators|ok|mild|The real case of 130II's main step. The author's L/U covering-of-R argument with the connectedness step replaced by an equivalent supremum argument (r = sup {t : mu{g < t} = 0}); the doc says so.|LEFT-BENIGN (2026-08-28 proof-column sweep) a local deviation inside the thesis's own route, described in the note and checked to be local: the statement is the thesis's, the argument is the thesis's, and what differs is a step reorganised, reindexed, made precise, or taken from a sibling lemma. That is what the schema's `mild` means, and no action follows from it.
130II|ae_const_of_atomic|A/Proc/Duplicators|ok|faithful|The complex case, by the author's own reduction to real and imaginary parts.
130II|algebraMapStarHom|A/Proc/Duplicators|ok|none|Scaffolding for 130II; no thesis content.
130II|algebraMap_nonneg_reflect|A/Proc/Duplicators|ok|none|Scaffolding for 130II (algebraMap reflects positivity); no thesis content.
130II|atomic_measure_space|A/Proc/Duplicators|ok|faithful|Statement matches ("L^inf(A) = C" for an atomic A), rendered as a bijective NMIUMap onto C, which is an nmiu-isomorphism. Both halves are now the thesis's: the first is the author's a.e.-constant argument, and the second is the printed "Hence L^inf(X) = C" - q is C-linear and unital (IsLinftyOf.smul, .one) so psi : z ↦ q(const z) IS algebraMap C -> A, and the first half is exactly its surjectivity. What the thesis does not discuss and ours has to add is that the resulting C*-isomorphism is normal, read off from monotonicity in both directions. hmu (completeness) is unused.|repaired: a divergence resting on an EXPIRED premise. Ours went through Gelfand-Mazur (16VII) on the ground that IsLinftyOf "records only that q is a *-ring map", so a *-ring isomorphism C -> A need not be C-linear. The smul clause was added to IsLinftyOf on 2026-08-16 (QUESTIONS D1, ruled by Bas and deleted from QUESTIONS.md the same day at 43e270f: without smul the fields make q only a *-RING map, so the consumers' reading -- every f is a.e. constant, hence L^inf = C, hence an nmiu-map -- does not follow; the field is OURS, 51IX never carrying the linearity) and the ground expired; the detour is gone (2026-08-22). Consequence, recorded: 130II was 16VII's ONLY consumer in the tree, so gelfand_mazur now has none - 16VII is a Theorem of cstar.tex in its own right rather than run-up machinery, so this is a fact about the tree, not a defect.
130IV|ae_of_ae_restrict_cover|A/Proc/Duplicators|ok|none|Auxiliary; no thesis content.
130IV|linfty_congr|A/Proc/Duplicators|ok|none|Auxiliary; no thesis content.
130IV|linfty_sub|A/Proc/Duplicators|ok|none|Auxiliary; no thesis content.
130IV|linfty_norm_le|A/Proc/Duplicators|ok|none|Auxiliary (the easy half of the norm dictionary); the exercise gives no proof at all.
130IV|star_mul_apply|A/Proc/Duplicators|ok|none|Auxiliary; no thesis content.
130IV|linfty_ae_bound|A/Proc/Duplicators|ok|none|Auxiliary (the hard half of the norm dictionary); the exercise gives no proof at all.
130IV|measure_space_partition|A/Proc/Duplicators|weaker|none|The Exercise says "for every COUNTABLE partition of X consisting of measurable subsets"; ours fixes the index set to be N and additionally demands [Nontrivial (B n)] of every block algebra. A countable partition may be finite, and padding it to N with the empty set forces B n = {0} there, which the Nontrivial hypothesis forbids. So the finite case is not covered. This is not inert: the doc of discrete_ell_x records that this is exactly why 130V could not be proved by the printed route "combine 130IV with 130II". The exercise gives no proof, so proof = none.|repaired: the index is now an arbitrary COUNTABLE `ι`, not `ℓ`, so the finite partitions the Exercise also asks for are covered (6acdab4) — and the payoff the audit predicted arrived: 130V `discrete_ell_x` is now proved by the PRINTED route "combine 130IV with 130II", deleting ~150 lines. RESIDUE, and it is not ours: `[∀ i, Nontrivial (ℬ i)]` remains, because `lp ℬ ∞` carries a Ring instance only through `lp.inftyRing`, which asks `[∀ i, NormOneClass (ℬ i)]`. It excludes a block of measure zero, whose `L^∞` is `{0}`; same Mathlib obstruction as `A/VN/Basic`'s 42V, and documented on the declaration. -- 2026-08-26 A/Proc stmt pass: STRENGTHENED already (the index is an arbitrary COUNTABLE iota, so the finite partitions the Exercise also asks for are covered, and 130V now takes the printed route); the RESIDUE is LEFT-under-reason-2 and the recorded reason is CURRENT -- re-verified against the Mathlib source this pass, not taken on trust. [forall i, Nontrivial (B i)] is forced because lp B inf carries a Ring instance only through lp.inftyRing (Mathlib/Analysis/Normed/Lp/lpSpace.lean:927), which sits under `variable [forall i, NormOneClass (B i)]' at :913, and NormOneClass (norm 1 = 1) excludes the zero algebra. It is the same binder A/VN/Basic carries on its own DirectSum section (Basic.lean:834-850, with Mathlib's own comment `it's slightly weird that we need the Nontrivial instance here'), and the tree's von Neumann direct sum IS lp _ inf -- there is no second one to switch to. Removing it means re-founding the unital ring structure of lp _ inf against Mathlib's instance and re-porting every consumer (42V, 47IV, 127III, 130IV, 130V); that is out of scope here and is not this module's to make. Effect on the statement: a block of measure zero, whose L^inf is {0}, is excluded (Nontrivial (B i) with IsLinftyOf (mu.restrict (P i)) forces mu(P i) != 0) -- and such a block contributes nothing to the direct sum anyway. Axiom-clean IN SITU this pass.
130V|discrete_ell_x|A/Proc/Duplicators|ok|faithful|Statement matches (discrete X with mu(X) < infinity => L^inf(X) = l^inf(Y)), against the repaired 129II.2; under the printed definition the Corollary is false. The PRINTED proof is now followed: "combine 130IV with 130II" - partition X into atoms, decompose by 130IV, and turn each L^inf(A) into C by 130II's ae_const_of_atomic. hmu (completeness) is unused (and is passed to 130IV, which does not use it either).|repaired (6acdab4): the printed route was unavailable only because 130IV was stated for an N-indexed partition, which a discrete space with a FINITE partition into atoms cannot use (padding with the empty set forces a trivial block algebra, which 130IV's Nontrivial binder forbids). Generalising 130IV's index to an arbitrary countable type - which is what the Exercise asks for anyway - opened the route, and the ~150 lines that re-ran 130IV's own argument specialised to B = C are gone.
132II|MonoidInWcpsu|A/Proc/Duplicators|ok|none|132II's monoid in W*_cpsu, rendered concretely: m an ncpsu-map out of the tensor, the unit map C -> A replaced by its value e in [0,1]_A (cpsu maps out of C are exactly that), and the associativity and unit diagrams stated on pure tensors - equivalent because m is normal and the span of the pure tensors is ultraweakly dense. Commutativity is not a field, matching "monoid" rather than "commutative monoid". 132II's monoid *morphisms* and the categories Mon(C), CMon(C) are not formed anywhere in the tree; they surface only as the statements 132III.3 and .4.
132II|MonoidInWmiu|A/Proc/Duplicators|ok|none|Same for W*_miu; the unit is forced to 1 because an miu-map C -> A is unital.
132III|dup_vna_is_monoid_1|A/Proc/Duplicators|ok|faithful|Part 1 on the nose.
132III|exists_nmiu_mul|A/Proc/Duplicators|ok|none|Auxiliary for part 2: the multiplication of a duplicable algebra is an *nmiu*-map, obtained by transporting linf_nmiu_mul along 127III. The thesis does not isolate this step.|2026-08-26 A/Proc route pass: RECLASSIFIED (1): the thesis does not isolate this step, so there is no printed argument for it.
132III|dup_vna_is_monoid_2|A/Proc/Duplicators|ok|faithful|Part 2, all of it: the two "iff"s for W*_miu and W*_cpsu, the classification, and "the multiplication is uniquely fixed by m(a (x) b) = a.b". "Commutative" is delivered separately by part 4.
132III|dup_vna_is_monoid_3|A/Proc/Duplicators|ok|faithful|Part 3, as an iff between "monoid morphism" and "unital and multiplicative" for an ncpsu-map. Stated for W*_cpsu monoids only; the W*_miu case is the same statement, since by part 2 and part 4 the two classes of monoids and their multiplications coincide.
132III|dup_vna_is_monoid_4|A/Proc/Duplicators|weaker|faithful|Part 4 is "Conclude that CMon(W*_miu) = Mon(W*_miu) = CMon(W*_cpsu) = Mon(W*_cpsu)" - an equality of four categories. Ours states the two facts that would establish it (every W*_cpsu monoid is commutative, and its multiplication is an nmiu-map); with part 3 for the morphisms that is the content, but no category is formed anywhere in the tree, so the equality itself is not stated.|left-cost: two obstructions, both costed on the declaration (6acdab4). (a) Forming `CMon(-)` and `Mon(-)` needs `MonoidalCategory` instances on `W*_miu` and `W*_cpsu` — associators and unitors for `VNT` plus the pentagon, triangle and hexagon coherences, none of which the tree has (`A/Proc/Tensor` proves the braiding and `tmapM`'s functoriality individually and says so in its header). (b) SHAPE: Mathlib's `CategoryTheory.CommMon C` and `Mon C` are DISTINCT structure types (`CommMon` carries an `IsCommMonObj` field), so the four-fold EQUALITY cannot be stated as an equality at all — making it an isomorphism is a change of statement and so the author's. Not in QUESTIONS.md; it should be. -- 2026-08-26 A/Proc stmt pass: LEFT-under-reason-3 (author decision), and THE RECORDED REASON HAS EXPIRED IN TWO PLACES -- neither claim above is still true. (i) The status said the MonoidalCategory instance needs `associators and unitors for VNT plus the pentagon, triangle and hexagon coherences, NONE OF WHICH THE TREE HAS'. The tree has all of them, proved: exists_associator (Tensor.lean:10894), exists_associator_same (:10847), exists_braiding (:10976, no longer sorry), exists_unitors (:11043), exists_tmapM (:11212), vn_smc_pentagon (:11449), vn_smc_triangle (:11479), vn_smc_unitors_agree (:11506), vn_smc_hexagon (:11514), vn_smc_symmetry (:11541), plus the four naturality lemmas. Repair wave 3 stated 119V concretely and in full; what is missing is the PACKAGING as a Mathlib instance, which is plumbing over proved equations, not mathematics. (ii) The status said `Not in QUESTIONS.md; it should be.' It IS: QUESTIONS.md A11 and docs/DECISIONS.md 3.2, both current. What genuinely blocks the row is the SHAPE, and that needs the author, not machinery: Mathlib's CategoryTheory.Mon C and CategoryTheory.CommMon C are DISTINCT structure types (CommMon adds an IsCommMonObj field and a BraidedCategory instance), and the two cross-category equalities compare categories with different ambient hom-sets (nmiu vs ncpsu), so the four-fold EQUALITY is not expressible as an equality at all. Reading `=' as an equivalence is a change of statement, which this pass may not make. DECISIONS 3.2 recommends (b), rewording the point to what we already prove. Costing the alternative anyway, for the record: a tensor bifunctor on WMIU, associators and unitors as natural isos of that category, and the ten coherences restated in Mathlib's bundled form -- roughly 400-700 lines of packaging for W*_miu; and for W*_cpsu a further, purely organisational block, that A/Proc has no category of von Neumann algebras and ncpsu-maps and the one that exists (WStarCPSU) is in Theses/B/Eff/WStarCat.lean, which thesis A cannot import. Even with all of it the equality still cannot be stated. dup_vna_is_monoid_4 axiom-clean IN SITU this pass.
132III|dup_vna_is_monoid_5|A/Proc/Duplicators|weaker|route|Part 5 is "Mon(W*_miu) = dW*_miu is equivalent to Set^op". Ours states only that f maps to nsp(f) is bijective on nmiu-maps A -> B for duplicable A, B - the hom-set half of dW*_miu = Set^op. The isomorphism Mon(W*_miu) = dW*_miu is not stated (no categories in the tree), and essential surjectivity is left to 127III. Same shape as the standing observation on 188III/188IV. The doc also records that hA is unused: only hB is needed, because l^inf is a right adjoint.|left-cost: HALF REPAIRED — the categorical second half is now stated, as `dupEquivSetOp : Type u ≃ DWMIUᵒᵖ` (`A/Proc/Duplicators`:4955, 6acdab4), with `linfDup` full, faithful and essentially surjective (the last by 127III), so `dW*_miu ≃ Set^op` is on record as an equivalence of categories. The FIRST half, `Mon(W*_miu) ≅ dW*_miu`, is still not stated and is blocked by the same missing `MonoidalCategory` structure costed on `dup_vna_is_monoid_4`. The flagged declaration keeps its hom-set form; its unused `hA` is documented (only `hB` is needed, `ℓ^∞` being a right adjoint).  2026-08-26 A/Proc route pass: LEFT under (4)+(3): the categorical half is now on record (dupEquivSetOp, linfDup full, faithful and essentially surjective). The remaining half, Mon(W*_miu) = dW*_miu, needs a MonoidalCategory instance on W*_miu - which the tree deliberately does not build (the whole 119V monoidal structure is stated concretely, as equations between the chosen structure maps) - and stating it is a statement-level change, barred by this pass. 2026-08-26 route pass, second reading (session 98): reasons (4)+(3) CONFIRMED: dupEquivSetOp (Duplicators.lean:5085) and the Full/Faithful/EssSurj instances on linfDup (5055-5083) are in the tree, so the dW*_miu = Set^op half is on record; the Mon(W*_miu) half still needs a MonoidalCategory instance on W*_miu, which a grep confirms the tree deliberately does not build (Tensor.lean:34 and Duplicators.lean:4396/4403/4571 record the decision), and stating it is a statement-level change. Stands. -- 2026-08-26 A/Proc stmt pass: LEFT-under-reason-3, re-verified for the third time and CONFIRMED, with the second-half repair re-checked in situ. The categorical half IS on record: linfDup (Duplicators.lean:5037) with Full (:5055), Faithful (:5063), EssSurj (:5071, by 127III) and IsEquivalence (:5083) instances, and dupEquivSetOp (:5085) as the equivalence Type u ~= DWMIU^op -- axiom-clean IN SITU this pass, along with dup_vna_is_monoid_5 itself. The remaining half, Mon(W*_miu) ~= dW*_miu, is blocked by exactly the packaging and the ruling costed on dup_vna_is_monoid_4 above, and DECISIONS.md 3.2 names this row explicitly (`132III.5's first half is blocked on the same packaging'). Note that this is reason 3, not reason 2: the mathematics exists; what is missing is a decision. The flagged declaration keeps its hom-set form, and its unused hA is 132III's own setting (duplicable A and B) and is kept deliberately -- dropping it would generalise BEYOND the thesis, which is not this pass's business.
132IV|exists_freeMonoidUnit|A/Proc/Duplicators|ok|none|Well-definedness of the unit eta(a)(phi) = phi(a) as an nmiu-map; the thesis asserts this in the statement of 132IV without proof.
132IV|free_monoid_in_vNAMIU|A/Proc/Duplicators|ok|mild|The Theorem: l^inf(nsp(A)) is the free (commutative) monoid on A in W*_miu via eta, as a unique-factorisation statement. The thesis's proof (proc.tex:6743) with one shortcut the doc records: the mediating h : Y -> nsp(A) is written down by currying, so 122II first_adjunction is not invoked. Uniqueness is 122VI.3.|left, with the reason sharpened in file. The shortcut is not a bypass of 122II: first_adjunction is stated as the universal property of the OTHER unit, eta_X : X -> nsp(l^inf(X)) (given f : X -> nsp(A), a unique g : A -> l^inf(X)), and the step the thesis cites needs the opposite triangle (given f : A -> l^inf(Y), a unique h : Y -> nsp(A)). The passage between them IS the currying our proof performs - it is the forward map of linfNspHomEquiv, 122II's hom-set bijection, written out. Citing it would be longer, not shorter.
132VI|exists_freeMonoidUnitCpsu|A/Proc/Duplicators|ok|none|Well-definedness of the W*_cpsu unit; not a separate thesis claim.
47IV|exists_punitNmiu|A/Proc/Duplicators|ok|none|Private auxiliary: 47IV.3 (vn-products, W*_miu half) at a ONE-element family -- an nmiu-functional A -> C lifts along ev_star to the Type u copy l^inf(PUnit) of C. Pure universe plumbing for freeMIU_nsp_bijective below: C is in Type 0 and the categories of this file are in Type u, and the thesis, which does not stratify, needs no such step. 47IV itself is stated in A/VN/Basic as vn_products_nmiu (its own row in avn-basic.csv, classed weaker for an unstated Nontrivial binder); nothing here adds to or repairs that. No printed proof to follow: 47IV is an Exercise (vn.tex parsec 470) and asols.tex has no solution for it.
47IV|exists_punitNcpsu|A/Proc/Duplicators|ok|none|The same one-element lift for ncpsu-functionals, 47IV.3's W*_cpsu half; companion to exists_punitNmiu and used for the same universe bridge. The point's own row is vn_products_ncpsu in avn-basic.csv. Exercise, no printed proof.
124III|freeMIU_nsp_bijective|A/Proc/Duplicators|ok|mild|Private: 124III (second-adjunction, proc.tex:4724, Theorem) read at C -- for a universal arrow F(A) the map chi maps-to chi . eta_F is a BIJECTION nsp(F A) -> W*_cpsu(A, C). This is the step the thesis writes as a bare "iso" sign in the proof of 132VII: l^inf(W*_miu(F A, C)) iso l^inf(W*_cpsu(A, C)) (proc.tex:6806-6808), with no argument beyond the adjunction it has just invoked. MILD: our proof is that adjunction (F.universal, both halves) and nothing else, but it has to be routed through the Type u bridge l^inf(PUnit) and transported along ev_star, because C lives in Type 0 while W*_miu and W*_cpsu here are Type u categories -- a step the thesis does not have to take. stmt ok: 124III itself is second_adjunction (own row).|LEFT-BENIGN (2026-08-28 proof-column sweep) a local deviation inside the thesis's own route, described in the note and checked to be local: the statement is the thesis's, the argument is the thesis's, and what differs is a step reorganised, reindexed, made precise, or taken from a sibling lemma. That is what the schema's `mild` means, and no action follows from it.
132VI|free_monoid_in_Wcpsu|A/Proc/Duplicators|ok|faithful|Statement matches. The thesis's proof (proc.tex:6770) is now followed: the free monoid on A in W*_cpsu is (l^inf . nsp . F)(A) = l^inf(W*_miu(F.A, C)) = l^inf(W*_cpsu(A, C)), composing 132IV with 124III second_adjunction and identifying W*_miu(F.A, C) with W*_cpsu(A, C).|repaired: THE DEAD-LIMB FINDING OF THIS PASS. Ours repeated 132IV's direct argument with W*_cpsu(A, C) in place of nsp(A), so F never entered - and 132VI is 124III's only intended consumer, so second_adjunction, FreeMIU, SolIdx and the whole 125II GNS-cardinality run-up (card_lp_two_le, card_npFunctional_le, card_gnsHilb_le, vn_gns_bound, exists_smallRealization, ConcreteRep) had ZERO uses anywhere in the tree: the 16II pattern exactly. Restoring the printed route makes all of it load-bearing. One obstruction had to be cleared first and it was real: FreeMIU.universal quantifies over B : Type u and the identification the thesis cites is at C : Type 0, so 124III cannot be applied at C literally. The bridge is l^inf(PUnit.{u+1}), a Type u copy of C, with the two lifts along ev_* supplied by 47IV.3 in W*_miu and in W*_cpsu - the same Type 0/Type u device QuantumLambda uses for M_n (punitSum). New private auxiliaries punitLinf_bijective, exists_punitNmiu, exists_punitNcpsu, freeMIU_nsp_bijective; statement byte-identical; axiom-clean in situ.
132III|dupEquivSetOp|A/Proc/Duplicators|ok|none|The DISP tag physically sits on the ANONYMOUS instance linfDup.IsEquivalence (Duplicators.lean:5083), which has no name to cite; dupEquivSetOp on the next line is its named packaging and is what the row records (cf. the 198II PredSquare row in beff-effectus-quotients.csv). Part 5's SECOND half, in full and categorically: dW*_miu is equivalent to Set^op, as the equivalence Type u ~= DWMIU^op got from linfDup being full (Duplicators:5055), faithful (:5063) and essentially surjective (:5071, by 127III). A definition (the packaging of those three instances by asEquivalence), so there is no thesis proof to match; the exercise's own "is equivalent to" is discharged by the three instances, each with its own justification in the file. Part 5's FIRST half, Mon(W*_miu) = dW*_miu, is stated NOWHERE -- it needs a MonoidalCategory instance on W*_miu that the tree deliberately does not build (QUESTIONS A11, DECISIONS.md 3.2). That gap is recorded once, on the dup_vna_is_monoid_5 row above, which stays weaker for it; it is deliberately not repeated here, so that the weaker tally counts the point once.
33II|vnsub_nonneg_of_map_val|A/Proc/QuantumLambda|ok|none|Infrastructure, not a transcription: 33II's quadratic-form criterion for matrix positivity transported to a bundled von Neumann subalgebra.
47IV|exists_haBlockProj|A/Proc/QuantumLambda|ok|none|Infrastructure for 125bII: 47IV applied to the coordinate projections. No thesis statement of its own.
49IV|instance VonNeumannAlgebra (MatAlg n) @L2276|A/Proc/QuantumLambda|ok|none|49IV.1 at the coefficient algebra C, discharged by Theses.A.VN.mn_vna_1. The doc records that the sorry that once sat here was repointed at its owner in A/VN; that is accurate - mn_vna_1 is proved.
84bII|HaMat|A/Proc/QuantumLambda|ok|none|Notation matching 84bII's encoding of HereditarilyAtomic (summands M_{n+1} to keep them nontrivial).
84bIII|ha_solution_set|A/Proc/QuantumLambda|ok|none|The solution set condition for 125bII (proc.tex:5262). The thesis gives no separate statement; the argument uses 84bIII (a vN subalgebra of a hereditarily atomic algebra is hereditarily atomic) and 124I, then exists_haPresentation instead of the thesis's "a von Neumann algebra on a subset of kappa" - see the note on second_adjunction for why that relabelling cannot be done literally.|2026-08-26 A/Proc route pass: RECLASSIFIED (1): the solution set condition for 125bII is not a separate thesis statement and carries no separate proof. (Its one recorded deviation, exists_haPresentation in place of `a von Neumann algebra on a subset of kappa`, is the SolIdx rendering costed on 125II exists_smallRealization.)
116III|vnt_nontrivial|A/Proc/QuantumLambda|ok|none|Infrastructure: a tensor of nontrivial von Neumann algebras is nontrivial, from 116III.2 norm_vtmul.
117III|exists_matSumTensorIso|A/Proc/QuantumLambda|ok|none|Infrastructure for 125dII: 117III over the second factor, transported by 119IVc exists_braiding. The thesis does not isolate this step; it is what replaces the cardinality machinery in 125dII's proof.|2026-08-26 A/Proc route pass: RECLASSIFIED (1): infrastructure for 125dII that the thesis does not isolate; no printed proof corresponds.
121II|concreteTensor|Theses/A/Proc/Tensor.lean|ok|none|The "concrete" tensor product of 121II's second paragraph, on the nose (least von Neumann subalgebra of B(H (x) K) containing the A (x) B).
121II|intersection_tensor|A/Proc/QuantumLambda|ok|none|Statement matches the Proposition clause for clause. The thesis gives no proof, only a pointer to Takesaki I, Corollary IV.5.10; why-open records that it is equivalent (given 88VI) to the commutation theorem (M (x) N)' = M' (x) N', whose only proofs use Tomita-Takesaki theory, absent from Mathlib and from this tree. It is the root of five further sorries in this module. UPDATE 2026-08-26: all of that is history - 121II intersection_tensor is PROVED and axiom-clean, through the commutation theorem, which the tree now has (docs/COMMUTATION-THEOREM.md, docs/DEAD-LIMBS.md); the why-open.csv rows this note refers to were deleted when the statements closed, so nothing there records it any more. The proof-route flag above is kept as the audit wrote it.|2026-08-26 A/Proc route pass: STALE FLAG CORRECTED (sorry -> none). The declaration is proved and axiom-clean. proof=none is the right verdict, not a divergence: proc.tex gives NO proof of 121II, only a pointer to Takesaki I, Corollary IV.5.10 - category (1), a citation to the literature. The tree proves it via the commutation theorem (docs/COMMUTATION-THEOREM.md).
122I|nsp|A/Proc/QuantumLambda|ok|none|Definition, object part.
122I|nspMap|A/Proc/QuantumLambda|ok|none|Definition, morphism part (phi maps to phi . f). The functoriality laws are not stated; nsp is never formed as a functor.
122II|exists_linfEval|A/Proc/QuantumLambda|ok|none|Well-definedness of the unit (evaluation is an nmiu-functional). The thesis proves this in its first paragraph, via "eta(x) is the x-th projection"; ours is the same observation through vn_products_proj_normal.
122II|first_adjunction|A/Proc/QuantumLambda|ok|faithful|The universal property is on the nose, and by the thesis's own route (g = <f(x)>_x, the mediating map of the product 47IV). But the Proposition has a second sentence - "Moreover, and as a result, X maps to l^inf(X) extends to a FUNCTOR Set -> (W*_miu)^op that is LEFT ADJOINT to nsp" - and no functor and no adjunction is formed anywhere in the tree. Only the action on maps survives, as exists_linfMap.|repaired: the second sentence is now stated (6acdab4). `WMIU` is `W*_miu` as a Mathlib `Category`, `linfFunctor : Type u ⥤ WMIUᵒᵖ` and `nspFunctor : WMIUᵒᵖ ⥤ Type u` are the two functors, and `linfNspAdjunction : linfFunctor ⊣ nspFunctor` (`A/Proc/QuantumLambda`:~700) is the adjunction, built on `linfNspHomEquiv`, which is this row's `∃!` read as the hom-set bijection. No new mathematics, which is exactly what the thesis's "and as a result" claims. -- 2026-08-26 A/Proc stmt pass: RECLASSIFIED weaker -> ok: STRENGTHENED, verified against the Proposition's two sentences. The second sentence -- `X maps-to l^inf(X) extends to a FUNCTOR Set -> (W*_miu)^op that is LEFT ADJOINT to nsp' -- is now stated in full, and the objects the audit said did not exist anywhere in the tree now do: nspFunctor (QuantumLambda.lean:571), linfFunctor (:586), linfNspHomEquiv (:606) and linfNspAdjunction (:630), the last built by Adjunction.mkOfHomEquiv with both naturality squares discharged. The hom-set equivalence IS this row's ExistsUnique, which is exactly the thesis's `and as a result'. Axiom-clean IN SITU this pass.
122II|exists_linfMap|A/Proc/QuantumLambda|ok|faithful|The Proposition's last clause, l^inf(f)(h) = h . f, as an nmiu-map. The functoriality equations (l^inf(id) = id, l^inf(g . f) = l^inf(f) . l^inf(g)) are not stated.
122II|linfNspAdjunction|A/Proc/QuantumLambda|ok|faithful|The Proposition's SECOND sentence, which the first_adjunction row recorded as stated nowhere: X maps-to l^inf(X) is a functor Set -> (W*_miu)^op and it is LEFT ADJOINT to nsp. A definition, but not an empty one -- Adjunction.mkOfHomEquiv over linfNspHomEquiv with both naturality squares discharged. FAITHFUL to the thesis's "and as a result": the hom-set equivalence IS first_adjunction's ExistsUnique, so no mathematics is added, which is exactly what the Proposition claims. The functors are nspFunctor (:571) and linfFunctor (:586).
122IV|lp_nmiu_functional_factors|A/Proc/QuantumLambda|ok|mild|The Lemma in universe-polymorphic form. The thesis's route, with one substitution the doc records: the step phi(e_i-perp) = 0 is replaced by phi(x) = phi(e_i)phi(x) from multiplicativity, and the existence of an i with phi(e_i) = 1 - which the thesis leaves implicit - is supplied from normality (1 is the directed supremum of the finite partial sums).|LEFT-BENIGN (2026-08-28 proof-column sweep) a local deviation inside the thesis's own route, described in the note and checked to be local: the statement is the thesis's, the argument is the thesis's, and what differs is a step reorganised, reindexed, made precise, or taken from a sibling lemma. That is what the schema's `mild` means, and no action follows from it.
122IV|nmiu_functional_product|A/Proc/QuantumLambda|ok|mild|The same statement in the single-universe form of the surrounding section; the doc records that the [VonNeumannAlgebra] hypotheses on the summands are not used.|LEFT-BENIGN (2026-08-28 proof-column sweep) a local deviation inside the thesis's own route, described in the note and checked to be local: the statement is the thesis's, the argument is the thesis's, and what differs is a step reorganised, reindexed, made precise, or taken from a sibling lemma. That is what the schema's `mild` means, and no action follows from it.
122VI|cor_linf_ff_1|A/Proc/QuantumLambda|ok|faithful|Part 1, "nsp preserves coproducts", rendered as: every nmiu-functional on a direct sum factors through EXACTLY ONE summand (existence and uniqueness of the pair (i, phi')). Coproducts are not formed, so "preserves coproducts" is delivered by its pointwise content. The exercise gives no argument beyond "deduce from 122IV".|2026-08-26 A/Proc route pass: RECLASSIFIED faithful: the Exercise (proc.tex:4612) says `Deduce from nmiu-functional-product`, and that is exactly what the proof does (nmiu_functional_product = 122IV). asols.tex carries no solutions past parsec 340, so the hint is the whole of the author's argument, and it is followed.
122VI|cor_linf_ff_2|A/Proc/QuantumLambda|ok|faithful|Part 2 on the nose (eta is a bijection).|2026-08-26 A/Proc route pass: RECLASSIFIED faithful: part 2 is `and that eta : X -> nsp(l^inf(X)) is a bijection`, deduced - as the Exercise directs - from 122IV (here lp_nmiu_functional_factors). Part 2 was already recorded as `on the nose`.
122VI|cor_linf_ff_3|A/Proc/QuantumLambda|ok|none|Part 3 is "l^inf : Set -> (W*_miu)^op is full and faithful; whence Set is (isomorphic to) a coreflective subcategory of (W*_miu)^op". Ours states full and faithful as injectivity and surjectivity of f maps to l^inf(f) on each hom-set, which is the content; the "whence" clause about the coreflective subcategory is not stated, and no functor exists in the tree to state it about.|repaired: the "whence" is `linfCoreflective : Coreflective linfFunctor` (`A/Proc/QuantumLambda`, Categorical section, 6acdab4) — full and faithful from this declaration, left adjoint from `linfNspAdjunction` (122II). So `Set` is on record as a coreflective subcategory of `(W*_miu)^op`, and the functor it is about now exists.  2026-08-26 A/Proc route pass: RECLASSIFIED (1): `Show that l^inf is full and faithful` is an Exercise with no argument and no published solution (asols.tex stops at parsec 340). The `whence ... coreflective subcategory` clause is now stated as linfCoreflective, per the earlier addendum. -- 2026-08-26 A/Proc stmt pass: RECLASSIFIED weaker -> ok: STRENGTHENED, verified. Part 3's `whence Set is (isomorphic to) a coreflective subcategory of (W*_miu)^op' is linfCoreflective (QuantumLambda.lean:659), a genuine CategoryTheory.Coreflective instance on linfFunctor: map_surjective and map_injective are this declaration's two clauses, R := nspFunctor and adj := linfNspAdjunction (122II). The functor the audit said did not exist to state it about now does. Axiom-clean IN SITU this pass.
122VI|linfCoreflective|A/Proc/QuantumLambda|ok|none|Part 3's "whence" clause, which the cor_linf_ff_3 row recorded as unstatable for want of a functor: "Whence Set is (isomorphic to) a coreflective subcategory of (W*_miu)^op via l^inf" (proc.tex:4628-4631). A genuine CategoryTheory.Coreflective instance on linfFunctor -- map_surjective and map_injective are cor_linf_ff_3's two clauses, R := nspFunctor and adj := linfNspAdjunction (122II). No proof to follow: 122VI is an Exercise and asols.tex has no solution (it stops at parsec 340).
123I|linf_generated|A/Proc/QuantumLambda|ok|none|Part 1 on the nose. The exercise gives no argument and no published solution; the doc records the route (directed suprema, not norm density, since the finitely supported functions are norm-dense only in c_0(X)).|2026-08-26 A/Proc route pass: RECLASSIFIED (1): Exercise part 1 with no argument and no published solution. Worth recording that this declaration had ZERO uses in the tree before this pass - part 3's proof took a shortcut past it; it is now part 3's condition (1).
123I|linf_projections_order_separating|A/Proc/QuantumLambda|ok|none|Part 2, unfolded: for self-adjoint f, g, pointwise domination implies f <= g. Not stated through the tree's own OrderSeparating predicate (21II), and only the nontrivial direction of that iff is given - the other is lp_infty_le_iff. That the projections are nmiu-functionals is exists_linfEval.|2026-08-26 A/Proc route pass: RECLASSIFIED (1): Exercise part 2 with no argument and no published solution. As with part 1, it had ZERO uses before this pass and is now part 3's condition (3).
123I|linfT|A/Proc/QuantumLambda|ok|none|The map (f (x) g)(x,y) = f(x)g(y) of part 3.
123I|linf_tensor|A/Proc/QuantumLambda|ok|faithful|Part 3's main claim (the map is a tensor product). The thesis's hint (use tensor-characterization, 114-) is followed. The "Conclude that l^inf(X x Y) = l^inf(X) (x) l^inf(Y)" tail is not stated here as an isomorphism; it is obtained where it is used (Duplicators' linf_nmiu_mul) by feeding this into 114II tensor_uniqueness. The parenthetical "(In fact, it follows that l^inf is strong monoidal)" is not formalized.|2026-08-26 A/Proc route pass: REPAIRED. The Exercise's whole argument is `Using this, and tensor-characterization` - `this` being parts 1 and 2 - and the proof now does that: condition (1) of 116VII is part 1 linf_generated applied to X x Y (the elementary tensors delta_x (x) delta_y ARE the delta_{(x,y)}), and condition (3) is part 2 linf_projections_order_separating applied to X x Y (the product functionals are the point evaluations; order separating implies centre separating by taking the conjugator 1). Only the two HYPOTHESES Sigma, Gamma of 116VII are still taken from 117II.2 sum_generation_2, which states them in the form 116VII asks for. The previous proof used 117II.1/117II.2 throughout and left BOTH parts 1 and 2 with no consumer anywhere in the tree - the dead-limb fingerprint the brief describes.
123II|nmiuNP|A/Proc/QuantumLambda|ok|none|Auxiliary: an nmiu-functional is an np-functional.
123II|vtmulLeft_add|A/Proc/QuantumLambda|ok|none|Auxiliary; no thesis content.
123II|pmapTmulLeft|A/Proc/QuantumLambda|ok|none|Auxiliary: the left slice as a positive map, for the normality argument (44XV, 116IV).
123II|nmiuTmulLeft|A/Proc/QuantumLambda|ok|none|Auxiliary: the left slice a maps to a (x) 1 as an nmiu-map. The right slice is 116III.5.
123II|nsp_tensor_1|A/Proc/QuantumLambda|ok|none|Part 1, all three clauses (sigma and tau are nmiu-functionals; phi(a (x) b) = sigma(a)tau(b)). The exercise gives no argument.|2026-08-26 A/Proc route pass: RECLASSIFIED (1): Exercise (proc.tex:4663) with no argument and no published solution.
123II|nsp_tensor_2|A/Proc/QuantumLambda|weaker|none|Part 2 asks that (sigma, tau) maps to sigma (x) tau be a BIJECTION nsp(A) x nsp(B) -> nsp(A (x) B). Ours states only that each pair extends to a unique nmiu-functional with phi(a (x) b) = sigma(a)tau(b) - i.e. the map is well defined. Surjectivity is part 1 and injectivity follows from part 1's formulas sigma = phi((.) (x) 1), but neither is assembled and the bijection is nowhere stated. The parenthetical "(This makes nsp strong monoidal)" is not formalized.|repaired: the bijection is `nsp_tensor_2_bijection` (`A/Proc/QuantumLambda`:1220, 6acdab4) — `∃ Θ` with `Θ (σ,τ) (a ⊗ b) = σ(a)τ(b)` and `Function.Bijective Θ`, injectivity by evaluating at `a ⊗ 1` and `1 ⊗ b` (part 1's formulas) and surjectivity by part 1. The parenthetical "(this makes `nsp` strong monoidal)" is still not formalized — no monoidal structure exists in the tree — and the doc says so; that residue is the `dup_vna_is_monoid_4` cost.  2026-08-26 A/Proc route pass: RECLASSIFIED (1): as the previous row. The bijection itself is stated (nsp_tensor_2_bijection, per the earlier addendum); the parenthetical `this makes nsp strong monoidal` is still not formalized, for want of a monoidal structure. -- 2026-08-26 A/Proc stmt pass: STRENGTHENED for the part's own claim; the PARENTHETICAL is LEFT-under-reason-3, so the row stays weaker. proc.tex:4683-4688 asks that (sigma, tau) maps-to sigma (x) tau be a BIJECTION nsp(A) x nsp(B) -> nsp(A (x) B), and that is nsp_tensor_2_bijection (QuantumLambda.lean:1240): an existential Theta with Theta(sigma,tau)(a (x) b) = sigma(a)tau(b) and Function.Bijective Theta, injectivity by evaluating at a (x) 1 and 1 (x) b (part 1's formulas) and surjectivity by part 1 plus nsp_tensor_2's uniqueness. Verified in situ. The residue is the parenthetical `(This makes nsp STRONG MONOIDAL)', and it is blocked on precisely the ruling and packaging costed on dup_vna_is_monoid_4: Mathlib's strong-monoidal functor needs MonoidalCategory instances on both WMIU^op and Type u, and the tree deliberately states 119V's monoidal structure concretely instead. Stating it concretely INSTEAD -- naturality of Theta in A and B plus compatibility with the associators and unitors -- would add statements the thesis never displays, which this pass may not do either. Recorded, not repaired.
123II|nsp_tensor_2_bijection|A/Proc/QuantumLambda|ok|none|Part 2 as the Exercise states it (proc.tex:4683-4688): (sigma, tau) maps-to sigma (x) tau is a BIJECTION nsp(A) x nsp(B) -> nsp(A (x) B). The map is nsp_tensor_2 (own row) with its formula (sigma (x) tau)(a (x) b) = sigma(a) tau(b); surjectivity is part 1 (nsp_tensor_1) and injectivity is part 1's formulas sigma = phi((.) (x) 1), tau = phi(1 (x) (.)), read off by evaluating at a (x) 1 and 1 (x) b. Exercise, no printed argument and no solution in asols.tex. The residue of part 2 -- the parenthetical "(this makes nsp strong monoidal)", which needs monoidal structures the tree deliberately does not build -- is recorded once, on the nsp_tensor_2 row above, which stays weaker for it; not repeated here, so the point is counted once.
124I|card_le_of_dense|A/Proc/QuantumLambda|ok|mild|The thesis's "every element of A is the ultraweak limit of a filter on S', of which there are no more than 2^(2^#S')", made precise: the filter attached to x is comap of its neighbourhood filter, and Hausdorffness (44XI.1) makes x maps to that filter injective. The thesis leaves the injectivity implicit.|LEFT-BENIGN (2026-08-28 proof-column sweep) a local deviation inside the thesis's own route, described in the note and checked to be local: the statement is the thesis's, the argument is the thesis's, and what differs is a step reorganised, reindexed, made precise, or taken from a sibling lemma. That is what the schema's `mild` means, and no action follows from it.
124I|card_starAdjoin_le|A/Proc/QuantumLambda|ok|mathlib|The thesis's "every element of S' can be formed from S u C using the finitary operations", closed by Mathlib's Algebra.lift_cardinalMk_adjoin_le.|left-benign: the thesis's sentence here is "every element of S' can be formed from S u C using the finitary operations", i.e. a cardinality bound on a generated subalgebra - precisely a step Mathlib settles (Algebra.lift_cardinalMk_adjoin_le) and precisely not what 124I is about. 124I's content is the ultraweak-limit count, which IS transcribed (card_le_of_dense, vn_generation_bound).
124I|vn_generation_bound|A/Proc/QuantumLambda|ok|faithful|Statement on the nose (#A <= 2^(2^(c + #S))). The thesis's own two-step argument.
124I|vnsub_wstar_eq_top|A/Proc/QuantumLambda|ok|none|Infrastructure with no thesis point: minimality of W*(G) inherited by the bundled subalgebra. It does two jobs - it lets 124I apply to W*(f(A)) as an algebra in its own right, and it is the uniqueness half of 124III.
124III|SolIdx|A/Proc/QuantumLambda|differs|none|The thesis's solution set is "{(C, gamma) : C is a von Neumann algebra ON A SUBSET OF kappa, gamma : A -> C ncpsu}". Ours indexes by a von Neumann subalgebra of B(l^2(T)) for T a subset of a fixed index type K. The thesis's relabelling of the ELEMENTS of an algebra cannot be done in type theory, so the tree relabels the representing Hilbert space instead - which is why 125II vn_gns_bound has to be stated ahead of parsec 1250 and used here, a dependency the thesis does not have. Second, undeclared, departure (found 2026-08-27): ours needs a LARGER index type than the printed kappa -- solution_set (QuantumLambda.lean:1898) asks for #K = 2^(2^(2^(continuum + #A))), i.e. 2^kappa, the extra exponential being what the orthonormal-basis injection of exists_smallRealization needs, where proc.tex:4752 takes kappa = 2^(2^(#C + #A)). Harmless: any solution set discharges the condition.|left-cost: the thesis's solution set relabels the ELEMENTS of an algebra ("a von Neumann algebra on a subset of κ"), which is not expressible in type theory; the tree relabels the representing Hilbert space instead, which is why 125II `vn_gns_bound` has to be stated ahead of parsec 1250. Making the printed form expressible would need a carrier-set-as-data presentation of a von Neumann algebra throughout the chapter. Costed and left.
124III|FreeMIU|A/Proc/QuantumLambda|ok|none|"The inclusion W*_miu -> W*_cpsu has a left adjoint F" rendered as a universal arrow from A to the inclusion. Equivalent (with choice) to the existence of a left adjoint; the functor F, its action on maps, and the naturality of the unit are not formed. Fields compared with the definition of a universal arrow: carrier, unit an ncpsu-map, and the unique-factorisation clause. Nothing missing.
124III|second_adjunction|A/Proc/QuantumLambda|ok|mild|Statement matches (every von Neumann algebra has a universal arrow). NOTE the module header's claim that the Nonempty is "the sorry-ed content of the theorems" is STALE: this is fully proved, as are 125bII and 125dII; only 125VIII tensor_closed is still sorry. The proof is the thesis's solution set, but Freyd's adjoint functor theorem is not available and is unwound by hand (product over the solution set, then the subalgebra generated by the range of the mediating map, with uniqueness from 47V vn_equalisers). The thesis's Remark 124IV (the Kleisli identification) is not converted.|left (the Freyd unwinding is right) and NOW LOAD-BEARING: until 2026-08-22 second_adjunction and FreeMIU had zero uses in the tree, because 132VI - their only intended consumer - took a direct route. 132VI is now on the thesis's route and uses this. The route verdict stands as mild: the thesis's solution set is transcribed, and only Freyd's adjoint functor theorem is unwound by hand, which is unavoidable - W*_miu has no limits in the tree (the WMIU category added 2026-08-21 carries none) and Mathlib's GAFT cannot be applied. Remark 124IV (the Kleisli identification) is still not converted.
125II|ConcreteRep|A/Proc/QuantumLambda|ok|none|Bundled faithful representation, for 125II's statement.
125II|card_le_of_denseRange|A/Proc/QuantumLambda|ok|none|Infrastructure: the thesis's "every element of H_omega is the limit of a sequence of elements of A", made precise.
125II|card_lp_two_le|A/Proc/QuantumLambda|differs|none|Infrastructure recording a DEFECT IN THE THESIS'S PROOF, not its statement: proc.tex:4847 computes #H = Sum_omega #H_omega for a Hilbert direct sum, which is wrong over an uncountable index set - an l^2-family has countable support, so the bound is (Sum #H_omega)^aleph0. Both come out at 2^#A, so the Lemma stands.|left-thesis: infrastructure recording a defect in the thesis's PROOF (proc.tex:4818 computes `#ℋ = ∑_ω #ℋ_ω`, wrong over an uncountable index — an ℓ²-family has countable support, so the bound is `(∑ #ℋ_ω)^ℵ₀`). ERRATA.md 125II; both come out at `2^{#𝒶}`, so the Lemma stands. Nothing in our statement to repair.
125II|card_npFunctional_le|A/Proc/QuantumLambda|ok|faithful|The thesis's count of Omega (proc.tex:4826).
125II|card_gnsHilb_le|A/Proc/QuantumLambda|ok|mild|The thesis's count of H, with the correction above.|LEFT-BENIGN (2026-08-28 proof-column sweep) a local deviation inside the thesis's own route, described in the note and checked to be local: the statement is the thesis's, the argument is the thesis's, and what differs is a step reorganised, reindexed, made precise, or taken from a sibling lemma. That is what the schema's `mild` means, and no action follows from it.
125II|vn_gns_bound|A/Proc/QuantumLambda|ok|mild|Statement on the nose. The representation is the thesis's (the direct-sum GNS representation over all np-functionals); the counts for #Omega and #H_omega are the thesis's; the count for #H is not - see card_lp_two_le.|left: the counts are the thesis's except for #H, and that is card_lp_two_le's business. Recorded here because of the 132VI finding: the whole 125II chain feeds 124III's solution set through exists_smallRealization, so until 2026-08-22 it was unreachable from anything. It is load-bearing again.
125II|exists_smallRealization|A/Proc/QuantumLambda|differs|none|The relabelling step of 124III, in the form the tree needs. Not the thesis's step, which relabels the algebra's elements; ours relabels an orthonormal basis of the representing Hilbert space. No thesis statement corresponds.|left-cost: the same type-theoretic obstruction as `SolIdx` — the thesis's relabelling step acts on the algebra's elements, ours on an orthonormal basis of the representing Hilbert space, and no thesis statement corresponds to ours. Costed and left with 124III.  2026-08-26 A/Proc route pass: RECLASSIFIED (1): no thesis statement corresponds - it is the type-theoretic rendering of 124III's `a von Neumann algebra on a subset of kappa`, on an orthonormal basis of the representing Hilbert space rather than on the algebra's elements. Nothing printed to match; the rendering is a statement matter, left under (3).
125IV|equaliser_lemma|A/Proc/QuantumLambda|ok|faithful|Statement matches Kornell's Lemma clause for clause: the factorisation through A-tilde (x) C, the equalising conclusion for all f, g with (f (x) id) h = (g (x) id) h, and the generation bound. One wording point: the thesis says A-tilde "can be generated by LESS THAN #D . 2^#C elements", where its own proof establishes "no more than"; ours has <=, which is what the proof supports. Blocked on 121II (the missing step was the Fubini/slice-map property, i.e. the commutation theorem). UPDATE 2026-08-26: 121II is proved and so is equaliser_lemma; the why-open.csv row cited here was deleted when the statement closed. The proof-route flag above is kept as the audit wrote it.|2026-08-26 A/Proc route pass: STALE FLAG CORRECTED (sorry -> faithful). Kornell's printed proof (proc.tex:4877) is followed step for step: represent C on a Hilbert space with at most 2^#C vectors (125II vn_gns_bound); the slice np-maps r_xi with r_xi(a (x) c) = <xi,c xi> a; A-tilde the least vN subalgebra containing the union of the r_xi(h(D)), whence the cardinality bound; f . r_xi = r_xi' . (f (x) id) for the equalising clause; and h(D) subset A-tilde (x) C for the factorisation, which is where 121II is spent. The `less than` / `no more than` wording point stands (our <= is what the proof supports).
125IV|equaliser_lemma_of_intersectionTensorStatement|A/Proc/QuantumLambda|ok|faithful|Kornell's Lemma (proc.tex:4852) with 121II carried as an EXPLICIT hypothesis (IntersectionTensorStatement) instead of invoked: same factorisation through A-tilde (x) C, same generation bound #G <= #D . 2^#C, same equalising conclusion. equaliser_lemma (own row) is literally this theorem applied to intersectionTensorStatement. FAITHFUL, and the note that mattered when the hypothesis form was introduced has expired: 121II is no longer open -- intersection_tensor is proved from A/Proc/CommutationTheorem's intersection_tensor' (own row) -- so the hypothesis is discharged in the tree and the split is now only a matter of presentation.
125VI|IsNMIUEqualizer|A/Proc/QuantumLambda|ok|none|The categorical notion of equaliser in W*_miu spelled out. Note the carrier E of the equaliser is not required to be a von Neumann algebra in the definition itself (only in tensor_equalisers, where it is).
125VI|tensor_equalisers|A/Proc/QuantumLambda|ok|faithful|Statement matches the Proposition on the nose. Blocked on 125IV. The thesis's follow-up point 125VIIa ("so (.) (x) A preserves all limits, in particular all pullbacks") is prose and is not converted.|2026-08-26 A/Proc route pass: STALE FLAG CORRECTED (sorry -> faithful). proc.tex:4980 verbatim: uniqueness of the mediating map is injectivity of e (x) id (114I tensor-injective), existence is 125IV equaliser_lemma plus the equaliser property of e. The follow-up 125VIIa is prose and remains unconverted.
125VIIb|tensorSub|A/Proc/QuantumLambda|ok|none|The subalgebra S (x) A of B (x) A rendered as the one GENERATED by the s (x) a. This is exactly the simplification 125VIIb declares for its right-hand side; the tree also uses it where the thesis instead says "we regard S (x) B as a von Neumann subalgebra of C (x) B (c.f. tensor-injective)" (125eII). The two agree - the image of an nmiu-map is a von Neumann subalgebra (69IVb) and S (x) B is generated by its pure tensors - but that identification is nowhere proved in the tree.
125VIIb|tensor_preimage|A/Proc/QuantumLambda|ok|route|Statement matches the Exercise, with both sides read through tensorSub (see there). The thesis's hint (express rho^-1(S) as a pullback in W*_miu) routes through 125VI, which is NOT blocked -- tensor_equalisers has been proved since 61d6f49 and is green; what the hint still needs, and the tree still lacks, is pullbacks in W*_miu, re-costed in the status field.|2026-08-26 A/Proc route pass: STALE FLAG CORRECTED (sorry -> route), and the recorded reason has EXPIRED: 125VI tensor_equalisers is proved. The Exercise's hint - express rho^-1(S) as a pullback in W*_miu of rho . pi_1 and e . pi_2 - is still not followed, and is LEFT under (4): the tree has no categorical limits (pullbacks) in W*_miu, and the step the hint needs, 125VIIa `(.) (x) A preserves all limits, in particular all pullbacks`, is prose in the thesis and is explicitly not converted. Costing it means introducing a category structure on W*_miu with pullbacks and a limit-preservation theorem for (.) (x) A - several hundred lines and a statement-level addition, not a proof repair. Ours proves the `subset` half directly by the slice-map property (i.e. by 121II), which is what the pullback route would itself be spending. 2026-08-26 route pass, second reading (session 98): reason (4) CONFIRMED but the named list corrected - it is NOT true that a category structure on W*_miu would be needed, since the tree already does equalisers ELEMENTWISE (IsNMIUEqualizer, QuantumLambda.lean:2056, with 125VI tensor_equalisers at 7589 giving preservation). What is genuinely absent, and is what the Exercise's hint at proc.tex:5052 needs: (a) the binary product of W*_miu, i.e. B (+) S with its universal property as an nmiu-product - no IsNMIUProduct anywhere in the tree; (b) preservation of products by (.) (x) A - the second half of the prose remark 125VIIa (proc.tex:5024, `preserves all equalisers and products, thus all limits, and in particular, all pullbacks`), which is never converted into a statement; (c) a notion of pullback of nmiu-maps and the standard `pullback = equaliser of the two legs out of the product`; (d) the identification of rho^-1(S) as the pullback of rho . pi_1 and e . pi_2, and the transport of the tensored diagram back. Estimate 250-400 lines and four new statements. Reason (1) applies as well: 125VIIb is an Exercise with a HINT and no solution - a grep of asols.tex for the label tensor-preimage returns nothing. Ours proves the hard `subset` half by the slice-map property, i.e. by 121II, which is what the pullback route would itself be spending. 2026-08-27 dead-limb fixing round, item 2 (DEAD-LIMBS section 5.3): the stale phrase "which is itself blocked" is now REMOVED FROM THE REASON FIELD itself, not just contradicted further down it -- that phrase is what DEAD-LIMBS section 5.3 quoted and is what a reader meets first. 125VI tensor_equalisers (QuantumLambda.lean:7589) is green in docs/status.txt. 125VI's proof is untouched. RE-COSTED against the real remaining gap, with the session-98 list checked declaration by declaration and one of its items corrected. ALREADY IN THE TREE: the product in W*_miu is proved -- vn_products_nmiu (A/VN/Basic.lean:3768, 47IV part 3, existence AND uniqueness of the mediating nmiu-map into lp of a family) with vn_products_proj_normal (:3749) for the projections, so session 98's item (a) "the binary product of W*_miu ... no IsNMIUProduct anywhere in the tree" is right about the bundled PREDICATE and wrong about the universal property, which exists; equalisers are vn_equalisers (:3868) / vn_equalisers_miu (:4858) with the bundled IsNMIUEqualizer (QuantumLambda.lean:2056); and preservation of equalisers by (.) tensor A is 125VI itself. STILL ABSENT, and this is the whole of what the hint at proc.tex:5052 needs: (1) a binary packaging of the product as B (+) S with its two projections as NMIUMaps -- vn_products_nmiu is stated over a family in lp with a Nontrivial binder, so instantiating it at a two-element family is instance plumbing, 40-70 lines, no new statement; (2) preservation of PRODUCTS by (.) tensor A, the never-converted half of 125VIIa (proc.tex:5024, prose: preserves all equalisers and products, thus all limits, and in particular, all pullbacks) -- nothing in the tree, 100-150 lines and one new statement; (3) a notion of pullback of nmiu-maps, the standard pullback-as-equaliser-of-the-two-legs-out-of-the-product, and its preservation -- 60-100 lines and two new statements; (4) the identification of rho-inverse(S) with the pullback of rho after pi_1 and e after pi_2, and transport of the tensored square back to the set equality this row states -- 60-100 lines and one new statement. TOTAL 260-420 lines and four new statements, one of them a statement-level conversion of prose. Unchanged conclusion: LEFT under reason (4), and reason (1) still applies -- a grep of asols.tex for the label tensor-preimage returns nothing today, so the Exercise has a hint and no solution. Ours proves the hard subset half by the slice-map property, i.e. by 121II, which is what the pullback route would itself be spending. Nothing here unblocks anything; it stops the next reader inheriting a false reason.
125VIIb|atomicTypeI_tensor_preimage|A/Proc/QuantumLambda|ok|route|125VIIb for an ATOMIC TYPE I tensored factor A iso (+)_j B(K_j), i.e. with an extra hypothesis: (rho (x) id_A)^-1(S (x) A) = rho^-1(S) (x) A. It widens haTensorPreimage, which asks for A hereditarily atomic, to arbitrary - in particular infinite dimensional - atomic blocks, and it does NOT close 125VIIb, which quantifies over all A; the general statement is tensor_preimage, rowed above and green. stmt=ok on the schema's sibling clause: the point is fully stated in the tree by that sibling and this row renders a special case of it. proof=route: the thesis's hint (a pullback in W*_miu) is not the route here either - this one goes through the atomic type I slice device atE and the two membership corollaries atTensorPreimage/atMem.|ADDED 2026-08-28. The declaration carried the DISP tag 125VIIb in its doc comment since it was written and no row named it: audit_check.py's TAG_OPENS regex matched a letter only BEFORE the roman numeral (the sub-parsec 125e), never after it (the sub-point VIIb), so the unrowed check could not see it. The regex is widened and this was the one declaration it found across the tree. LEFT-COST for the proof column, on the sibling's reason: the thesis's hint for 125VIIb is a pullback in W*_miu, which the tree does not have and which the tensor_preimage row costs at several hundred lines and a statement-level decision. This declaration takes the atomic type I slice device instead. Same cause, same verdict, not re-costed here. (Recorded 2026-08-29: the row previously classified as `open` only because the phrase TAG_OPENS in its own status matched the short needle `open`, which is word-bounded now.)
125VIII|FreeExp|A/Proc/QuantumLambda|ok|none|Universal arrow for the free exponential: unit eta : B -> B^{*A} (x) A with every h : B -> C (x) A factoring as (g (x) id) . eta for a unique g. Compared field by field with the adjunction 125VIII asserts; the direction is right. (Note the thesis is inconsistent about the side: 125I says the functor is B (x) (.), 125VIII and 125dII say (.) (x) A. Harmless, the tensor being symmetric.)
125VIII|tensor_closed|A/Proc/QuantumLambda|ok|mild|Statement matches Kornell's Theorem, rendered as a universal arrow. Blocked on 125IV and hence on 121II. The Remark 125X (cstar-no-model) is explicitly not converted, and says so.|2026-08-26 A/Proc route pass: STALE FLAG CORRECTED (sorry -> mild). Freyd's General Adjoint Functor Theorem exactly as proc.tex:5061 runs it, with the thesis's own three ingredients: the solution set condition discharged by 125IV equaliser_lemma and 124I vn_generation_bound, the product over the solution set, and the vN subalgebra of it cut out so that the unit generates. The one local deviation: proc.tex's solution set is `von Neumann algebras on a subset of kappa` and ours is `vN subalgebras of B(l^2(T)) for T a subset of a fixed index type K` (exists_smallRealization) - the same cardinal, a different type-theoretic rendering of `on a subset of kappa`, recorded on 125II exists_smallRealization.
125bII|HaFreeMIU|A/Proc/QuantumLambda|ok|none|As FreeMIU with the hereditary-atomicity field on the carrier and the universal property quantified over hereditarily atomic targets - i.e. the universal arrow to the inclusion haW*_miu -> haW*_cpsu. Nothing missing.
125bII|HaSolIdx|A/Proc/QuantumLambda|differs|none|The solution set of 125bII, indexed by hereditarily atomic algebras PRESENTED as (+)_{j in J} M_{N j+1} with J a subset of K, rather than by "a hereditarily atomic von Neumann algebra on a subset of kappa". Same reason as SolIdx; here the presentation also makes the product manifestly hereditarily atomic, so proc.tex:5257's "a direct sum of hereditarily atomic algebras is hereditarily atomic" is not needed.|left-cost: same as `SolIdx` — the solution set is indexed by hereditarily atomic algebras PRESENTED as `⊕_{j∈J} M_{N j+1}` rather than by "an algebra on a subset of κ". A bonus of the presentation is that proc.tex:5257's "a direct sum of hereditarily atomic algebras is hereditarily atomic" is not needed. Costed and left with 124III.
125bII|ha_second_adjunction|A/Proc/QuantumLambda|ok|mild|Statement matches the Proposition (the inclusion haW*_miu -> haW*_cpsu has a left adjoint, as an objectwise universal arrow). PROVED, so the module header's "sorry-ed content" is stale here too. Route is the thesis's ("exactly as in second-adjunction-proof, but with the solution set cut down to hereditarily atomic targets"), with Freyd unwound by hand and three documented simplifications. hA : HereditarilyAtomic A is stated and NEVER USED - the doc says so and says why (the carrier is a subalgebra of a direct sum of matrix algebras whatever A is), so the tree in fact proves that F_ha exists for every von Neumann algebra. The stronger form is not stated.|LEFT-BENIGN (2026-08-28 proof-column sweep) a local deviation inside the thesis's own route, described in the note and checked to be local: the statement is the thesis's, the argument is the thesis's, and what differs is a step reorganised, reindexed, made precise, or taken from a sibling lemma. That is what the schema's `mild` means, and no action follows from it.
125cII|MIUEquiv|A/Proc/QuantumLambda|ok|none|Definition on the nose. The parenthetical "(which implies N_{f1} = N_{f2})" is not stated.
125cII|GeneratesMat|A/Proc/QuantumLambda|ok|none|Definition of the maps considered, W*(f(A)) = M_n, on the nose. 125cII's choice of a set R_A of representatives is not a declaration; it enters 125cIII as the hypotheses hgen/hdistinct/hrep.
125cIII|Fha_concrete|A/Proc/QuantumLambda|ok|faithful|Statement matches the Theorem including its uniqueness clause ("the UNIQUE nmiu-map Phi that causes the diagram to commute is an nmiu-isomorphism"), with R_A rendered as an indexed family plus the three conditions that make it a set of representatives. Two deviations of rendering: the summands are M_{N+1}, so the degenerate M_0 (the zero map, which the thesis's R_A would contain) is excluded - harmless, a zero summand changes nothing up to isomorphism; and F : HaFreeMIU A is a hypothesis rather than the object 125bII produces. hA is stated and unused. The proof is the thesis's in outline but not in detail: the thesis assumes F_ha(A) IS a direct sum and argues about its summands, whereas ours has to recover the summands from the universal property (wstar_unit_eq_top is the thesis's step 125cIII.50, but the rest is rebuilt).|2026-08-26 A/Proc route pass: LEFT under (3): the thesis's proof assumes F_ha(A) IS a direct sum and argues about its summands; ours has `F : HaFreeMIU A` as a HYPOTHESIS rather than as the object 125bII produces, and so must recover the summands from the universal property. Matching the printed argument would mean restating the theorem about the constructed object instead of about an arbitrary universal arrow - a statement change, barred by this pass. The outline (wstar_unit_eq_top is 125cIII.50) is the thesis's. 2026-08-26 route pass, second reading (session 98): the recorded reason (3) has EXPIRED - it is not true that ours `must recover the summands from the universal property`, and the proof IS the thesis's, step for step. proc.tex:5327 does not start from a constructed object either: it says `Since F_ha(A) is hereditarily atomic, it's nmiu-isomorphic to a direct sum (+)_{i in I} M_{N_i}. We may as well assume that F_ha(A) = (+)_i M_{N_i}` - a WLOG off hereditary atomicity, which is exactly what QuantumLambda.lean:2929 does with `obtain <I', N', <psi_0>> := F.ha`. The rest matches clause by clause: W*(eta_A(A)) = F_ha(A) is wstar_unit_eq_top (thesis 125cIII.50); W*(s_i(A)) = M_{N_i} is hsgen (same point); `rho must be of the form rho' . pi_i, cf. nmiu-factors` is exists_lp_factor, used to build d; the claim that the s_i are a set of representatives is hc/hd with hcd/hdc; and the thesis's factorisation Phi = ((+)_r phi_r) . <pi_{i_r}> is hPhieq : Phi = nmiuComp Theta psi through exists_lp_reindex. route -> faithful. The three deviations the audit note lists - M_{N+1} summands, F as a hypothesis, hA stated and unused - are renderings of the STATEMENT, already carried by that field, not proof-route divergences.
125dII|HaFreeExp|A/Proc/QuantumLambda|ok|none|As FreeExp with hereditary atomicity on the carrier and on the targets. Nothing missing.
125dII|ha_tensor_closed|A/Proc/QuantumLambda|ok|mild|Statement IS the one 125dII makes: for hereditarily atomic A, (.) (x) A : haW*_miu -> haW*_miu has a left adjoint, as an objectwise universal arrow; hB is the hypothesis that the object B is in haW*_miu, which is part of the thesis's setting, so ours is not weaker. But hB is NEVER USED in the proof (checked: it occurs only in the binder), so the tree proves the stronger fact that the left adjoint is defined on all of W*_miu - and that stronger form is not stated. The proof is NOT the thesis's: proc.tex:5541 says "exactly as in tensor-closed-proof, but with a suitably modified solution set", and tensor-closed-proof (125VIII) is sorry here. Ours takes the solution set to be all nmiu-maps B -> M_{n+1} (x) A and assembles h from the (pi_i (x) id) . h via 117III, so 124I, the index type K and 125II are not needed at all. This is why 125dII is proved while 125VIII is not.|left, and right to leave: the divergence is the one the brief singles out. Taking the solution set to be all nmiu-maps B -> M_{n+1} (x) A and assembling h through 117III is what makes 125dII provable while the general 125VIII, which needs the thesis's cardinality solution set and hence 125IV equaliser_lemma, is not. The unused hB - so the left adjoint is in fact defined on all of W*_miu - is documented on the declaration and is a statement matter, not a proof one.  2026-08-26 A/Proc route pass: RECLASSIFIED mild; the recorded reason had EXPIRED. The reason on file was `tensor-closed-proof (125VIII) is sorry here`; 125VIII tensor_closed is now proved. Re-read against proc.tex:5541, which says in full: `The proof is now completed by an application of Freyd's adjoint functor theorem, exactly as in tensor-closed-proof, but with a suitably modified solution set.` Ours IS that - the same Freyd shape as tensor_closed (solution set, product over it, vN subalgebra of the product cut out so the unit generates) - and the thesis does not say WHAT the modified solution set is, so on that one point there is nothing to match (category 1). LEFT under (4) as to the rest: literally routing through 125VIII would require moving the 125IV equaliser-lemma block (QuantumLambda.lean:6620-7723, about 1100 lines) above parsec 1254, and then re-proving ha_tensor_closed on the kappa solution set restricted to hereditarily atomic algebras, which additionally needs `an l^inf-sum of hereditarily atomic algebras is hereditarily atomic` - not stated in the tree. The unused hB, i.e. that the tree proves the stronger W*_miu-wide statement, stands and is a statement matter.
125eII|TensorBSurjective|A/Proc/QuantumLambda|ok|none|Definition on the nose, with S (x) B read as tensorSub - see the note there.
125eIIa|tensor_map_factorisation|A/Proc/QuantumLambda|ok|faithful|Statement matches point 125e.21 (every s factors through a C-tilde on which it is (.) (x) B-surjective). The thesis gives no proof, only "by inspecting the proof of equaliser-lemma"; the inspection needs 121II and the Zorn dodge fails. UPDATE 2026-08-26: 121II is proved and so is tensor_map_factorisation; the why-open.csv row cited here was deleted when the statement closed. The proof-route flag above is kept as the audit wrote it.|2026-08-26 A/Proc route pass: STALE FLAG CORRECTED (sorry -> faithful). proc.tex:5575 says only `by inspecting the proof of equaliser-lemma`, and that inspection is exactly what exists_minimal_tensorSub does: 125IV's generating set {r_xi(s(a))} generates the LEAST C-tilde that works, and least is precisely (.) (x) B-surjective.
125eIII|surj_of_haTensorBSurj|A/Proc/QuantumLambda|ok|faithful|The easy half of 125eIII in the hereditarily atomic setting; the thesis's own argument (the range of rho (x) B is rho(C) (x) B).|left, but flagged: DEAD LIMB. It has no consumer - the 125eVII assembly needs four universes and uses the twin surj_of_haTensorBSurj2, which supersedes it. Kept because it records that the easy half is proved, and the docstring now says both that and the more useful fact the sweep turned up: NEITHER copy uses hereditary atomicity, so the -> half of the general 125eIII (still sorry) is already available in full generality; only the <- half, which needs Phi through haTensorPreimage, is missing.
125eIII|haTensorBSurj|A/Proc/QuantumLambda|ok|mild|The hard half of 125eIII in the hereditarily atomic setting. The thesis's argument, with the general 125VIIb tensor_preimage - which was `sorry` when this row was written and is green since 61d6f49 (checked 2026-08-28; the substitution stands as a matter of what this proof does, but it is no longer forced) - replaced by haTensorPreimage, its hereditarily atomic special case, proved here from the matrix-entry slices.|LEFT-BENIGN (2026-08-28 proof-column sweep) a local deviation inside the thesis's own route, described in the note and checked to be local: the statement is the thesis's, the argument is the thesis's, and what differs is a step reorganised, reindexed, made precise, or taken from a sibling lemma. That is what the schema's `mild` means, and no action follows from it.
125eIII|atomicTypeI_tensorBsurjectivity|A/Proc/QuantumLambda|ok|mild|125eIII (tensorBsurjectivity, proc.tex:5586-5604) for an ATOMIC TYPE I tensored factor B iso (+)_j B(K_j). MILD: the forward half is the thesis's own second direction verbatim (the range of (rho (x) B) . s lies in rho(C) (x) B, so that subalgebra is everything and rho is surjective), and it uses neither hs nor atomicity; the backward half is the thesis's first direction with its appeal to 125VIIb tensor-preimage replaced by a direct computation in the atomic type I picture (Hilbert bases of the K_j, then atTensorBSurj), because tensor-preimage was open when this was proved. stmt ok: the general Lemma is tensorBsurjectivity (own row). FLAG, of the same kind as the dead-limb note on surj_of_haTensorBSurj: this declaration now has NO consumer -- a grep over Theses/ finds it named only in a doc comment at QuantumLambda:4537 -- since the backward half is proved in general at the end of the same file.|LEFT-BENIGN (2026-08-28 proof-column sweep) a local deviation inside the thesis's own route, described in the note and checked to be local: the statement is the thesis's, the argument is the thesis's, and what differs is a step reorganised, reindexed, made precise, or taken from a sibling lemma. That is what the schema's `mild` means, and no action follows from it.
125eIII|tensorBsurjectivity|A/Proc/QuantumLambda|ok|faithful|The general Lemma, statement on the nose. Blocked on 125VIIb and hence on 121II, although its two halves ARE proved in the hereditarily atomic case just above - which is the case the chapter actually consumes.|2026-08-26 A/Proc route pass: STALE FLAG CORRECTED (sorry -> faithful). Both halves are the thesis's: `mp` is proc.tex:5620 (range(rho (x) B) sits in rho(C) (x) B, and rho(C) is a vN subalgebra by 69IVb), `mpr` is proc.tex:5600 through 125VIIb tensor_preimage.
125eVI|TensorBEquiv|A/Proc/QuantumLambda|ok|none|Definition on the nose. The parenthetical "(which implies N_{f1} = N_{f2})" is not stated. 125eVI's choice of representatives S_{A,B} enters 125eVII as hypotheses.
125eVII|AstarhaB_concrete|A/Proc/QuantumLambda|ok|faithful|The Theorem asserts that "the UNIQUE nmiu-map Phi that makes the diagram commute is an nmiu-isomorphism". Ours states only the EXISTENCE of a bijective Phi satisfying the compatibility - the uniqueness clause that 125cIII's sibling Fha_concrete does carry is absent here. It is recoverable from F.universal, but it is not stated. Also hA is stated and unused (the doc says so), and the compatibility is rendered coordinatewise (through maps pi_i . Phi) rather than as the thesis's single diagram. The proof follows proc.tex:5680-5810 in outline, with the general 125eIII replaced by its hereditarily atomic form.|repaired: in place (6acdab4) — the uniqueness clause is now the third conjunct — every `Φ'` satisfying the same compatibility equals `Φ` — which is the Theorem's word "the unique", proved out of `F.universal` as 125cIII's sibling `Fha_concrete` does it. The unused `hA` and the coordinatewise rendering of the diagram stand and are documented.  2026-08-26 A/Proc route pass: LEFT under (4), costed, and the recorded reason has PARTLY EXPIRED: the general 125eIII tensorBsurjectivity is now proved. It is not usable here for a purely structural reason - it is declared at QuantumLambda.lean:7671, after 125IV equaliser_lemma, whereas AstarhaB_concrete is at 6032; the file header records why the 125IV block sits at the end. Citing the general form means moving that block (6620-7723, about 1100 lines) above parsec 1255 and re-checking it against the concrete-to-abstract bridge (6051-6619) that currently sits between them. The mathematics is unaffected - the ha form is the same statement specialised - so this is a presentation cost, not a proof gap. The uniqueness clause of the Theorem is stated (earlier addendum); the unused hA and the coordinatewise rendering of the diagram stand. 2026-08-26 route pass, second reading (session 98): RECLASSIFIED route -> faithful: on a second reading this is not a route divergence at all, and `a presentation cost` is not one of the four grounds for leaving a row. The proof follows proc.tex:5680-5810 (`following the same reasoning as in Fha-concrete-existence`) and cites 125eIII exactly where the thesis does; the only difference is that it cites it in its ha instance - haTensorBSurj (QuantumLambda.lean:5604) and surj_of_haTensorBSurj2 - rather than the general tensorBsurjectivity (7694). Those proofs were compared line by line this pass and are the SAME argument: the `mp` half is identical (tmapM_range_le plus nmiu_image), and the `mpr` half is identical with haTensorPreimage in place of tensor_preimage. So the route is the thesis's; what differs is the generality of an auxiliary, forced by file order (the 125IV block sits at the end of the file). Whatever route divergence remains is 125VIIb's own and is recorded on that row, not here. The unused hA and the coordinatewise rendering of the diagram stand. -- 2026-08-26 A/Proc stmt pass: RECLASSIFIED weaker -> ok: STRENGTHENED, verified against proc.tex:5658-5691. The Theorem asserts that `the UNIQUE nmiu-map Phi that makes the diagram commute is an nmiu-isomorphism', and the statement now carries all three: bijectivity, the compatibility, and -- as the third conjunct -- that every Phi' satisfying the same compatibility equals Phi, proved out of F.universal as 125cIII's sibling Fha_concrete does it. Neither remaining difference is a weakening. The coordinatewise rendering IS the thesis's diagram: the diagram's bottom arrow is the ISO <pi_s (x) B>_s, so commutation through it is commutation coordinate by coordinate. And hA is 125eVII's own hypothesis (`Let A and B be hereditarily atomic'); it is unused because the construction needs only ha of B and of F.carrier, but keeping a hypothesis the thesis states is faithfulness, not weakness. Axiom-clean IN SITU this pass.
88VI|vnComm_vnComm|A/Proc/Commutation|ok|none|The double commutant theorem in bundled form, S^square^square = S for a von Neumann subalgebra S of B(H), the shape the commutation-theorem files consume. Auxiliary repackaging, not a transcription: two lines off double_commutant, which IS the transcription of 88VI (A/VN/NormalFunctionals, own row in avn-division-normalfunctionals.csv, classed ok/faithful), together with wstar_eq_of_isVNSubalgebra. Same status as that file's own 88VI auxiliary row. FIRST row for module A/Proc/Commutation: the Commutation* files are later than the 2026-08-20 pass and only two of their declarations open a doc comment with a DISP tag (this one and intersection_tensor'); the rest of what they contain is elementary von Neumann theory the theses use without stating (see Commutation.lean's header and docs/COMMUTATION-THEOREM.md).
121II|intersection_tensor'|A/Proc/CommutationTheorem|ok|none|121II (intersection-tensor, proc.tex:4450, Proposition) for the concrete tensor products, verbatim the statement of the QuantumLambda declaration intersection_tensor (own row), which is now proved by this theorem rather than left open. The thesis prints NO proof -- only the pointer "Takesaki I, Corollary IV.5.10" -- so there is nothing to follow. Our route is the one recorded in docs/COMMUTATION-THEOREM.md section 1: rewrite each factor as a double commutant by the commutation theorem IV.5.9, collapse the intersection of the two commutants onto the commutant of W*(A1-square u A2-square) (x) W*(B1-square u B2-square), and apply IV.5.9 once more, using (A1 n A2)-square = W*(A1-square u A2-square).
