30IV|npFunctional_cauchy_schwarz|Theses/A/VN/Projections.lean|ok|mathlib|not a transcription: cstar.tex 30IV.1 Kadison/Cauchy-Schwarz for an np-functional, obtained by instantiating Theses.A.CStar.omega_norm_basic_1
44VIII|conj_eq_zero_of_isLUB|Theses/A/VN/Projections.lean|ok|none|auxiliary, not a transcription: 44VIII ad_normal in the shape 'c d c = 0 for all d in a nonempty directed D with sup s implies c s c = 0'. Used for 56XVII.1/59V
44VIII|conjPMap|Theses/A/VN/Projections.lean|ok|none|auxiliary: conjugation x -> c* x c bundled as a positive linear map, normal by 44VIII. Not a transcription
44XI|nonneg_of_conjNP_of_centreSeparating|Theses/A/VN/Projections.lean|ok|route|not a transcription of 44XI: the Omega-version of 44XI's nonneg_of_conjNP, obtained by feeding CentreSeparatingConj to 30X proto-gelfand-naimark. Note that our 30X clause (1) is itself under question (QUESTIONS A8)|left: not a transcription of 44XI at all, so there is no thesis argument to restore; and its route through 30X cannot be changed here, because QUESTIONS A8 records that our 30X clause (1) is stated existentially and a faithful restatement is a STATEMENT change, which this pass forbids.
55IV.1|projection_basic_1|Theses/A/VN/Projections.lean|ok|none|vn.tex 55IV part 1 (0 and 1 are projections); Exercise, no thesis proof. Closed by Mathlib's IsStarProjection.zero/one
55IV.2|projection_basic_2|Theses/A/VN/Projections.lean|ok|none|55IV part 2 (a projection is an effect: p* = p and 0 <= p <= 1); Exercise, no thesis proof
55IV.3|projection_basic_3|Theses/A/VN/Projections.lean|ok|none|55IV part 3 (p^perp = 1 - p is a projection); Exercise, no thesis proof
55IV.4|projection_basic_4|Theses/A/VN/Projections.lean|ok|none|55IV part 4 (an effect a is a projection iff a a^perp = 0); Exercise, no thesis proof
55V|ad_contraposed|Theses/A/VN/Projections.lean|ok|faithful|55V ad-contraposed, all three clauses as a TFAE, with the thesis's ‖a‖ <= 1 hypothesis. Our proof is the thesis's 55VI argument step for step: conjugate by q and use the C*-identity for 1 -> 2; the p^perp a q a* p^perp = a q a* computation plus a q a* <= a a* <= 1 for 2 -> 3; and the thesis's own 'by a similar reasoning' for 3 -> 1, instantiated by applying the same two lemmas to a*
55V|paq_eq_zero_of_le|Theses/A/VN/Projections.lean|ok|faithful|auxiliary: the first half of 55VI's argument (a* p a <= q^perp gives p a q = 0), extracted so that the third implication of ad_contraposed can reuse it at a*
55V|le_of_paq_eq_zero|Theses/A/VN/Projections.lean|ok|faithful|auxiliary: the second half of 55VI's argument (p a q = 0 gives a q a* <= p^perp)
55VIII|projection_above_effect|Theses/A/VN/Projections.lean|ok|none|55VIII projection-above-effect: all eleven equivalents in the thesis's order (a <= p, p sqrt a = sqrt a, sqrt a p = sqrt a, p^perp sqrt a = 0, sqrt a p^perp = 0, a^2 <= p, pa = a, ap = a, p^perp a = 0, a p^perp = 0, sqrt a <= p). Exercise, no thesis proof
55IX|projection_below_effect|Theses/A/VN/Projections.lean|ok|none|55IX projection-below-effect: all eleven equivalents in the thesis's order. Exercise, no thesis proof
55X|projection_order_sharp|Theses/A/VN/Projections.lean|ok|faithful|55X projection-order-sharp. Our proof is 55XI: forwards via 55VIII twice, backwards by exhibiting a a^perp (which the thesis writes as sqrt a a^perp sqrt a, the same element) as an effect below a and a^perp
55X|conj_sa_eq_zero_iff|Theses/A/VN/Projections.lean|ok|none|auxiliary: for x >= 0 and self-adjoint c, c x c = 0 iff x c = 0, the C*-identity step 55X and many later points use. Not a transcription
55X|conj_ortho_eq_zero_iff|Theses/A/VN/Projections.lean|ok|none|auxiliary: the same specialised to an effect and a projection (p^perp x p^perp = 0 iff x <= p). Not a transcription
55XII|OrthogonalSet|Theses/A/VN/Projections.lean|ok|none|55XII, definition of an orthogonal set of projections (every two members equal or with product 0), with membership in the projections folded in. The thesis's separate phrase 'projections p and q are orthogonal when pq = 0' has no declaration of its own; it is used unfolded throughout
55XIII.1|orthogonal_tuple_of_projections_1|Theses/A/VN/Projections.lean|ok|none|55XIII part 1, all six equivalents (pq=0, qp=0, pqp=0, p+q<=1, p<=q^perp, p+q a projection). Exercise, no thesis proof
55XIII.2|orthogonal_tuple_of_projections_2|Theses/A/VN/Projections.lean|ok|none|55XIII part 2, first half. The thesis says 'a finite SET of projections p_1,...,p_n is orthogonal', which for a repeated element would make the claim false (the set {p,p} is orthogonal by 55XII yet sum = 2p is not <= 1); ours reads it as a pairwise-orthogonal tuple (Pairwise on Fin n), which is the intended and correct reading. Exercise, no thesis proof
55XIII.2|orthogonal_tuple_of_projections_2'|Theses/A/VN/Projections.lean|ok|none|55XIII part 2, second half ('show that, in that case, sum p_i is the least projection above p_1,...,p_n'), as an IsLeast over the projections above every p_i. Exercise, no thesis proof
55XIV|projection_below_projection|Theses/A/VN/Projections.lean|ok|route|55XIV, q - p is a projection for p <= q. Exercise, no thesis proof; the thesis offers 'either directly, or using 55XIII' and ours takes neither route but Mathlib's IsStarProjection.le_iff_sub|left: triviality. The Exercise offers 'either directly, or using 55XIII', and Mathlib's `IsStarProjection.le_iff_sub` is the direct route. The 55XIII route is available in the file (p + (1-q) <= 1, so 1 - (q-p) is a projection by `orthogonal_tuple_of_projections_1` clauses 4 and 6) and is six lines, but 55XIII is already well used elsewhere and nothing is hidden by the one-liner.
56I|exists_ceil_effect|Theses/A/VN/Projections.lean|ok|mild|56I vna-ceil, the construction for an effect b: existence of a projection p that is the LUB of the iterated square roots, the least projection above b, and commuting with everything b commutes with. b^{1/2^n} is rendered as the n-fold iterate of CFC.sqrt rather than the CFC power, which for an effect is the same element. Proof is the thesis's 56I.20-50 with one local deviation: for p <= p^2 the thesis rewrites p^2 as a double supremum using ad-normal (44VIII) and reads off b^{1/2^k}; ours bounds each generator directly, b^{1/2^k} = b^{1/2^{k+2}} b^{1/2^{k+1}} b^{1/2^{k+2}} <= b^{1/2^{k+2}} p b^{1/2^{k+2}} = sqrt p b^{1/2^{k+1}} sqrt p <= p p, using only monotonicity of conjugation. Same chain, no appeal to ad-normal|left: a local deviation inside the thesis's own chain (56I.20-50), not a different argument. Dead-limb check clean -- ad_normal, the step our version avoids, has five other consumers (A/VN/Basic 2343, 3276, 5505, A/VN/Projections via ad_normal_inf, B/Dils/Stinespring 558), so restoring it here would buy length and nothing else.
56I|exists_ceil|Theses/A/VN/Projections.lean|ok|mild|well-definedness of ceil for an arbitrary POSITIVE b, in the 59III.1 form 'least projection p with b p = b'. The thesis proves 56I for effects and extends by the rescaling of 59I; ours does the same (exists_normalize), but applies the rescaling even when b is already an effect of norm < 1, which is harmless since 56XIII.2/59III.4 give ceil (lambda b) = ceil b|left: the thesis does the same rescaling (59I); the only deviation is applying it unconditionally, which 56XIII.2 / 59III.4 make harmless.
56I,59I|ceil|Theses/A/VN/Projections.lean|ok|none|definition of the ceiling, combining 56I (effects) and the 59I extension to arbitrary positive b, with junk value 0 off the positive cone. Definition, no proof to match. Note that the thesis's warning at 59I that b <= ceil b FAILS for b not <= 1 is not recorded by any declaration
56I|vna_ceil|Theses/A/VN/Projections.lean|ok|faithful|56I main claim for an effect b: ceil b is the least projection above b, as an IsLeast. Content comes from exists_ceil_effect, i.e. the thesis's own construction
56I|vna_ceil_sup|Theses/A/VN/Projections.lean|ok|faithful|56I's formula ceil b = sup_n b^{1/2^n} for an effect b, with b^{1/2^n} as the n-fold CFC.sqrt iterate. The thesis's construction, so the formula is what is actually proved
56I|vna_ceil_comm|Theses/A/VN/Projections.lean|stronger|faithful|56I's 'moreover' clause. The thesis states it for an EFFECT b; ours states it for every positive b, which is the generalisation 59III.2 makes anyway. Free strengthening, obtained from the effect case by rescaling. Proof is 56I.30 (induction along the square roots plus 44XIII vna-supremum-commutes)|left-benign: free strengthening from effects to all positive elements, which 59III.2 makes anyway. Not a defect.
56I|ceil_mem|Theses/A/VN/Projections.lean|ok|none|not a thesis statement: a von Neumann subalgebra is closed under the ceiling, obtained by reading 56I.20's formula inside the subalgebra. Needed for the relativised 65IV, which the thesis does not state
56I|ceil_isLUB_one_sub_pow|Theses/A/VN/Projections.lean|ok|none|not a thesis statement: 1 - (1-a)^{2^n} increases to ceil a for an effect a. This is the ERRATA repair of 69III (the thesis's roots formula is circular inside an ideal); recorded there as a new lemma
56I|sqrtIter_comm|Theses/A/VN/Projections.lean|ok|faithful|auxiliary: 56I.30's first half (whatever commutes with b commutes with every b^{1/2^n}), by induction on cstar.tex 23VII sqrt
56I|ceil_isStarProjection|Theses/A/VN/Projections.lean|ok|none|auxiliary: ceil (1-b) is a projection. Not a transcription
56VI|exists_floor|Theses/A/VN/Projections.lean|ok|faithful|56VI vna-floor, well-definedness: the greatest projection p with p b = p, for an effect b. Since 2026-08-25 this is the thesis's own construction: p := the infimum of the b^{2^n} (exists_floor_inf, 56VI.70-90), and 56VI.100 for the leastness -- a projection q <= b satisfies q <= b^2 by 55IX projection-below-effect, hence q <= b^{2^n} for every n by induction, hence q <= the infimum|repaired 2026-08-25 (the edit landed in commit bebf4a5 without its record; verified against vn.tex:2419, finished and recorded here). This was a DEPENDENCY INVERSION: floor b was produced from the duality floor b = (ceil (1-b))^perp, which is 56XIII.1 -- an Exercise seven points LATER whose only proof in the tree was 56VI itself. The duality now runs the thesis's way round: floor_eq_one_sub_ceil is a corollary of 56VI. The private helper proj_le_iff_le_ceil_compl is gone, and with it ceil_isStarProjection, of which it had been the only consumer (removed here). Axiom-clean in situ on propext, Classical.choice, Quot.sound.
56VI|floor|Theses/A/VN/Projections.lean|ok|none|definition of the floor as the greatest projection p with p b = p (56XI.2's characterisation), junk value 0 off the effects. Definition
56VI|floor_isGreatest|Theses/A/VN/Projections.lean|ok|faithful|56VI main claim: floor b is the greatest projection below the effect b. Read off floor_spec, hence off exists_floor, which is now the thesis's infimum construction|repaired 2026-08-25 together with exists_floor; the route through the ceiling duality is gone. Axiom-clean in situ.
56VI|vna_floor|Theses/A/VN/Projections.lean|ok|faithful|56VI in full: floor b is the greatest projection below b AND is the infimum of the b^{2^n}. The thesis's 56VI.70-100 argument is transcribed in the tree; since 2026-08-25 its 70-90 half lives in the private exists_floor_inf -- the filtered chain 1 >= b >= b^2 >= b^4 >= ..., its infimum by 43Ia infima-in-vna, commutation via 44XIII, the projection property via ad_normal_inf applied twice -- which vna_floor, exists_floor and vna_floor_comm all read off, and 56VI.100 (55IX plus induction) supplies the greatest-below-b clause|verdict unchanged (faithful); the transcription was moved into exists_floor_inf so that 56VI's well-definedness is read off it too, instead of off 56XIII.1. Axiom-clean in situ.
56VI|vna_floor_comm|Theses/A/VN/Projections.lean|ok|faithful|56VI's 'moreover'. THESIS DEFECT, carried in ERRATA.md as the 56VI row: 56VI prints 'if a in A commutes with b, then B COMMUTES WITH floor b' -- as printed the conclusion is about b, not a, and is trivially true. The intended statement, and ours, is that a commutes with floor b. Our proof is now the thesis's own 56VI.80: whatever commutes with b commutes with every b^{2^n} and hence with their infimum (44XIII vna_infimum_commutes, via exists_floor_inf), and that infimum is floor b|repaired 2026-08-25; the route through vna_ceil_comm and the ceiling duality is gone. The note's parenthetical 'NEW THESIS DEFECT (minor, not in ERRATA)' was stale -- ERRATA.md carries the 56VI row. Axiom-clean in situ.
56VI|pow_antitone_of_mem_effects|Theses/A/VN/Projections.lean|ok|faithful|auxiliary: the opening line of 56VII, 1 >= b >= b^2 >= b^4 >= ... >= 0, proved by conjugating b <= 1 and b^2 <= b
56VI|exists_floor_inf|Theses/A/VN/Projections.lean|ok|faithful|auxiliary (private), and the place where 56VI.70-90 is transcribed: the chain 1 >= b >= b^2 >= b^4 >= ... >= 0 has an infimum q (43Ia infima-in-vna); q is a projection (56VI.90, two applications of ad_normal_inf, exactly the printed double-supremum computation); and whatever commutes with b commutes with q (56VI.80, a variation on 44XIII). Not a thesis statement, but it is the thesis's own proof, and exists_floor, vna_floor and vna_floor_comm are all read off it|added 2026-08-25, replacing the row of the deleted private helper proj_le_iff_le_ceil_compl -- the 56XIII.1 duality the old 56VI rested on.
56XI.1|ceil_floor_second_property_1|Theses/A/VN/Projections.lean|ok|none|56XI part 1 (pa = a iff ap = a iff ceil a <= p) as a TFAE. Exercise, no thesis proof. The 'conclude that' tail -- that ceil a is the LEAST projection p with a = ap, and in particular a = a ceil a = ceil a a -- has no declaration of its own here, but is the p := ceil a instance of this TFAE together with ceil_spec, which states exactly that minimality
56XI.2|ceil_floor_second_property_2|Theses/A/VN/Projections.lean|ok|none|56XI part 2 (pa = p iff ap = p iff p <= floor a) as a TFAE. Exercise, no thesis proof. As with part 1 the 'conclude'/'in particular' tail (floor a is the greatest projection p with p = ap, and floor a = a floor a = floor a a) is the p := floor a instance, plus floor_spec
56XIII.1|floor_eq_one_sub_ceil|Theses/A/VN/Projections.lean|ok|none|the second clause of 56XIII part 1 (floor a ^perp = ceil (a^perp), here as floor b = 1 - ceil (1-b)). Since 2026-08-25 it is a CONSEQUENCE of 56VI rather than a step towards it: (ceil (1-b))^perp is a projection below b, hence <= floor b, while 1-b <= 1-floor b gives ceil (1-b) <= 1-floor b by leastness of the ceiling (56I). Exercise, no thesis proof|note corrected 2026-08-25: 'proved early because 56VI is built on it' described the old, inverted arrangement and is now false. Verdict stays none (the Exercise carries no proof). Axiom-clean in situ.
56XIII.1|ceil_floor_basic_1|Theses/A/VN/Projections.lean|ok|none|56XIII part 1, both clauses (ceil a ^perp = floor (a^perp) and floor a ^perp = ceil (a^perp)). Exercise, no thesis proof
56XIII.2|ceil_floor_basic_2|Theses/A/VN/Projections.lean|weaker|none|56XIII part 2, both clauses, but the first is weakened by the bundling. The thesis asks for ceil (lambda a) = ceil a for every lambda in [0,1] with lambda /= 0, i.e. lambda in (0,1]; ours carries the second clause's hypothesis lambda < 1 as well, so lambda = 1 is excluded. The doc comment claims 'lambda in (0,1]', which the statement does not deliver. Harmless (lambda = 1 is trivial, and 59III.4 ceil_scale gives every lambda > 0), but the two clauses should not share a hypothesis. Exercise, no thesis proof|repaired: in place (8633e37) — the two clauses no longer share a scalar. The first now reads `∀ m, 0 < m → m ≤ 1 → ceil (m • a) = ceil a`, i.e. the (0,1] the doc always claimed, `λ = 1` included; only the second keeps `l < 1`.
56XIII.3|ceil_floor_basic_3|Theses/A/VN/Projections.lean|ok|none|56XIII part 3, both clauses (floor a = floor (a^2) and ceil a = ceil (a^2)). Exercise, no thesis proof
56XIV|vna_directed_supremum_projections|Theses/A/VN/Projections.lean|ok|faithful|56XIV: the supremum of a directed set of projections is a projection. Nonemptiness of D is an explicit hypothesis here, which the thesis leaves in its reading of 'directed'. Our proof is 56XIV.150: d p = d by 55IX, (d)_d -> p ultraweakly by 44VI and (d p)_d -> p^2 by 44VII, then uniqueness of the limit -- ours closes the last step with np_separating rather than by naming the ultraweak topology Hausdorff, which is the same fact
56XVI|exists_projSup|Theses/A/VN/Projections.lean|ok|none|56XVI, suprema half: every set of projections has a least upper bound in the poset of projections. Exercise, no thesis proof; ours follows the hint (the set of projections below every projection upper bound is directed, by the binary join ceil (x+y) of 56XIII.2, so 56XIV applies)
56XVI|projSup|Theses/A/VN/Projections.lean|ok|none|56XVI, the definition of union A (junk value 0 when the set contains a non-projection). Definition
56XVI|exists_projInf|Theses/A/VN/Projections.lean|ok|none|56XVI, infima half. Exercise, no thesis proof; ours follows the hint's second half, transporting the supremum along the order anti-isomorphism p -> p^perp
56XVI|projInf|Theses/A/VN/Projections.lean|ok|none|56XVI, the definition of intersection A. Definition
56XVII.1|ceil_supremum_1|Theses/A/VN/Projections.lean|ok|none|56XVII part 1, ceil (sup D) = union of the ceil d, for a directed set of effects. Nonemptiness is an explicit hypothesis. Exercise, no thesis proof; ours is monotonicity of ceil for one inequality and 44VIII ad_normal for the other
56XVII.2|ceil_supremum_2|Theses/A/VN/Projections.lean|ok|none|56XVII part 2, floor (inf D) = intersection of the floor d, for a filtered set of effects. Exercise, no thesis proof
56XVII.3|ceil_supremum_3|Theses/A/VN/Projections.lean|weaker|none|56XVII part 3 renders only the last of its four claims. The exercise asks (a) ceil does not preserve filtered infima, (b) floor does not preserve directed suprema, and then concludes (c) that neither is ultraweakly, ultrastrongly NOR norm continuous. Ours states only the norm discontinuity of both maps; (a) and (b) are not stated anywhere in the module, and the ultraweak and ultrastrong discontinuities are not stated either -- and do not follow from the norm one, since coarsening the topology on both source and target changes continuity in both directions (the same witness a_n = (n+1)^{-1} 1 does settle all three, but only the norm case is recorded). The doc comment admits 'We record the norm discontinuity'. Also needs [Nontrivial A], which the thesis leaves implicit. Exercise, no thesis proof|repaired: in place (8633e37) — the statement now has all six claims — the two suprema/infima failures as explicit witnesses (`IsGLB D 0` with `⋂ ceil '' D = 1`; `IsLUB D 1` with `⋃ floor '' D = 0`) and SIX discontinuities: norm, ultraweak and ultrastrong for each of `⌈·⌉` and `⌊·⌋`, on `effects A`. The ultraweak and ultrastrong cases really are proved, not inferred from the norm one. `[Nontrivial A]` is documented as what the thesis leaves implicit.
56XVIII|sum_of_orthogonal_projections|Theses/A/VN/Projections.lean|ok|none|56XVIII: the net of finite partial sums of a pairwise orthogonal family of projections converges ultrastrongly to their join, over an arbitrary (possibly uncountable) index type, exactly as printed. Exercise, no thesis proof; ours uses the hint's fact (finite partial sums are projections and are the join of their summands) and then normality of the np-functionals
57I|floor_sequential_product|Theses/A/VN/Projections.lean|ok|faithful|57I: floor (sqrt a b sqrt a) = floor a intersect floor b. The thesis states the same fact twice ('is the greatest projection below a and b, that is, = floor a cap floor b'); ours states the equation, and the greatest-below-a-and-b form is what the proof establishes en route, so nothing is lost. Our proof is 57I.20-30 step for step: f <= sqrt a b sqrt a <= a, then f b f = f from f c f = f, then f <= b by ad-contraposed, then e <= a and e <= b gives e = e sqrt a b sqrt a
58II|floor_difference|Theses/A/VN/Projections.lean|ok|faithful|58II floor-difference: p - ceil a = floor (p - a) for a projection p and an effect a <= p. Our proof is 58III: p - ceil a is a projection below p - a by 55XIV, and for q <= p - a the thesis's trick a <= p - q gives ceil a <= p - q
58IV|ceil_sequential_product|Theses/A/VN/Projections.lean|ok|faithful|58IV: ceil (pqp) = p cap (p^perp cup q). Our proof is 58V: the De Morgan step p cap (p^perp cup q) = p - p cap q^perp, then p - ceil (pqp) = floor (p - pqp) = floor (p q^perp p) = p cap q^perp by 58II and 57I
59I|ceil_scale|Theses/A/VN/Projections.lean|ok|none|59I's extension of the ceiling to arbitrary positive b, as the consistency statement ceil b = ceil (‖b‖^{-1} b). Ours proves it for every positive nonzero b, where 59I only needs it for b not <= 1. Notation, no thesis proof
59I|suppProj|Theses/A/VN/Projections.lean|ok|none|59I, the support projection ceil-left a = ceil (a* a). Definition
59I|rangeProj|Theses/A/VN/Projections.lean|ok|none|59I, the range projection ceil-right a = ceil (a a*). Definition
59I|ceil_mem_ideal|Theses/A/VN/Projections.lean|ok|mild|the same for an arbitrary positive element of the ideal, by the 59I rescaling|left: the same 59I rescaling, which is the thesis's own step.
59I|exists_normalize|Theses/A/VN/Projections.lean|ok|none|auxiliary for the 59I rescaling: a nonzero positive b and the effect ‖b‖^{-1} b have the same absorbing projections and the same commutant. Not a transcription
59III.1|ceil_le_iff|Theses/A/VN/Projections.lean|ok|none|auxiliary two-way form of 59III.1 (ceil a <= p iff a p = a) used throughout the ceiling calculus; the full three-way equivalence is ceil_basic_1
59III.1|ceil_basic_1|Theses/A/VN/Projections.lean|ok|none|59III part 1, all three equivalents (p a = a, a p = a, ceil a <= p). The parenthetical 'in particular ceil a is the least projection p with a p = a' is ceil_spec. Exercise, no thesis proof
59III.2|ceil_basic_2|Theses/A/VN/Projections.lean|ok|none|59III part 2. The exercise's first clause, ceil a a = a ceil a, is not separately stated, but it is the b := a instance of what is stated (whatever commutes with a commutes with ceil a). Exercise, no thesis proof
59III.3|ceil_basic_3|Theses/A/VN/Projections.lean|ok|none|59III part 3 (a = 0 iff ceil a = 0). Exercise, no thesis proof
59III.4|ceil_smul|Theses/A/VN/Projections.lean|ok|none|auxiliary form of the first half of 59III.4 (ceil (lambda a) = ceil a for real lambda > 0), proved early because the extension of ceil to arbitrary positive elements uses it
59III.4|ceil_basic_4|Theses/A/VN/Projections.lean|ok|none|59III part 4, both clauses (ceil (lambda a) = ceil a for lambda > 0, and ceil (a+b) = ceil a cup ceil b for positive a, b). Exercise, no thesis proof
59III.5|ceil_basic_5|Theses/A/VN/Projections.lean|ok|none|59III part 5 (ceil (a^2) = ceil a for positive a). Exercise, no thesis proof
59IV|ceil_mul_eq_zero|Theses/A/VN/Projections.lean|ok|none|not a thesis statement: the calculation rule 'b c = 0 implies ceil b c = 0' for positive b, which 59IV and 60VIII need. Proved from the 56I supremum formula plus 44VIII ad_normal
59IV.1|ceil_pos_part_1|Theses/A/VN/Projections.lean|ok|none|59IV part 1 (ceil a_+ ceil a_- = 0 for self-adjoint a). Exercise, no thesis proof; ours follows the hint (a_+ a_- = 0 from cstar-pos-neg-part) through ceil_mul_eq_zero
59IV.2|ceil_pos_part_2|Theses/A/VN/Projections.lean|ok|none|59IV part 2, all four equations (ceil a_+ a = a ceil a_+ = a_+ and ceil a_- a = a ceil a_- = -a_-). Exercise, no thesis proof
59V|ceil_isLUB_aux|Theses/A/VN/Projections.lean|ok|none|the common content of 56XVII.1 and 59V, for a nonempty directed set of positive elements; the two DISP-tagged statements are thin wrappers on it
59V|ceil_suprema|Theses/A/VN/Projections.lean|ok|none|59V, ceil (sup D) = union of ceil d for a bounded directed set of positive elements, with nonemptiness explicit. Exercise, no thesis proof
59VI|mul_eq_of_suppProj_le|Theses/A/VN/Projections.lean|ok|none|auxiliary: supp x <= q gives x q = x, a repackaging of 59VI.1
59VI.1|ceill_basic_1|Theses/A/VN/Projections.lean|ok|none|59VI part 1: the support ceil (a* a) is the least projection p with a p = a. Exercise, no thesis proof
59VI.2|ceill_basic_2|Theses/A/VN/Projections.lean|ok|none|59VI part 2: the range ceil (a a*) is the least projection p with p a = a. Exercise, no thesis proof
59VI.3|ceill_basic_3|Theses/A/VN/Projections.lean|ok|none|59VI part 3, both clauses. Exercise, no thesis proof; both are definitional here, since supp and range are literally each other's star-transposes
59VI.4|ceill_basic_4|Theses/A/VN/Projections.lean|ok|none|59VI part 4, both clauses (supp (ab) <= supp b and range (ab) <= range a). Exercise, no thesis proof
59VII.1,59VII.2|hilb_ceil_1|Theses/A/VN/Projections.lean|ok|none|59VII parts 1 and 2: the range projection of a bounded operator T on a Hilbert space is the projection onto closure (Ran T), and the support projection is the projection onto (Ker T)^perp. A projection is identified here by its set of fixed points rather than by a submodule, which is an equivalent rendering. Exercise, no thesis proof
59VII.3|hilb_ceil_2|Theses/A/VN/Projections.lean|ok|none|59VII part 3: for an effect T, floor T is the projection onto the fixed points of T. Exercise, no thesis proof
60I|ceil_functionals_lemma|Theses/A/VN/Projections.lean|ok|faithful|60I: omega a = 0 iff omega (ceil a) = 0 for positive a and an np-functional. Our proof is 60I.20: rescale to an effect, then Kadison's inequality gives omega (a^{1/2^n}) = 0 by induction and normality of omega turns the 56I supremum into a supremum of scalars. The thesis's extra reduction 'for similar reasons we may assume omega(1) <= 1' is not needed here and is not made
60I|npFunctional_sqrt_eq_zero|Theses/A/VN/Projections.lean|ok|faithful|auxiliary: Kadison's inequality in the form 60I uses it, omega(a) = 0 forces omega(sqrt a) = 0
60III|ceil_functionals|Theses/A/VN/Projections.lean|ok|faithful|60III: ceil a <= ceil b iff every np-functional killing b kills a. Our proof is 60III.40 in both directions, including the thesis's device of testing ceil b ^perp ceil a ceil b ^perp against the np-functional omega (ceil b ^perp (.) ceil b ^perp)
60V|ncp_ceil|Theses/A/VN/Projections.lean|ok|faithful|60V ncp-ceil: ceil (f a) = ceil (f (ceil a)) for an np-map f and positive a. Our proof is 60VI: 60III reduces it to omega(f a) = 0 iff omega(f (ceil a)) = 0, which is 60I for the np-functional omega o f
60VII.1|ceil_fundamental_1|Theses/A/VN/Projections.lean|ok|faithful|60VII part 1: ceil (a* b a) = ceil (a* ceil b a) for b >= 0. Exercise, but it says 'deduce from ncp-ceil', and ours is literally 60V applied to the np-map x -> a* x a (normal by 44VIII)
60VII.2|ceil_fundamental_2|Theses/A/VN/Projections.lean|ok|none|60VII part 2, both clauses (supp (ab) = supp (supp a b) and range (ab) = range (a range b)). Exercise, no thesis proof
60VIII.1|mult_cancellation_1|Theses/A/VN/Projections.lean|ok|route|60VIII part 1, all three equivalents (cb = 0 iff supp c range b = 0 iff supp c <= (range b)^perp). Exercise, no thesis proof; ours does not use the printed hint (ceil (b* c* c b) = ceil (b* ceil (c* c) b) = 0 via 60VII) but the equivalent route through ceil_mul_eq_zero|left: same computation, one step shorter. The hint's chain is ceil(b* c* c b) = ceil(b* ceil(c*c) b) = 0 by 60VII ceil-fundamental; ours pushes the ceiling through in one step -- c*c b = 0 gives ceil(c*c) b = 0 by `ceil_mul_eq_zero`, and the same on the other side -- so no content of the hint is bypassed.
60VIII.2|mult_cancellation_2|Theses/A/VN/Projections.lean|ok|none|60VIII part 2. Exercise, no thesis proof
60VIII.3|mult_cancellation_3|Theses/A/VN/Projections.lean|ok|none|60VIII part 3. The membership c_i in (range b) A (range b) is rendered as range b * c_i * range b = c_i, which is the same corner. Exercise, no thesis proof
60IX.1|ncp_union_1|Theses/A/VN/Projections.lean|ok|none|60IX part 1 (ceil (f (p cup q)) = ceil (f p) cup ceil (f q)). Exercise, no thesis proof; ours follows the printed hint, p cup q = ceil (p/2 + q/2) from 56XIII.2
60IX.2|ncp_union_2|Theses/A/VN/Projections.lean|ok|none|60IX part 2 (ceil (f (union P)) = union of ceil (f p)) for an arbitrary set of projections. Exercise, no thesis proof; ours uses part 1 and 60V as the exercise directs, through the directed set of projections q with ceil (f q) below the right-hand side
60IX.2|ceil_conj_projSup|Theses/A/VN/Projections.lean|ok|none|not a separate thesis statement: 60IX.2 specialised to the np-map x -> b* x b, the form used at 68I and 69V
60IX.3|ncp_union_3|Theses/A/VN/Projections.lean|ok|none|60IX part 3 (there is a greatest projection e with f e = 0). Exercise, no thesis proof
61II|ncp_ceill|Theses/A/VN/Projections.lean|ok|faithful|61II ncp-ceill, both inequalities, in the direction the CURRENT vn.tex prints and the 61III proof establishes -- which is also the direction asols' erratum parsec-610.20 ('both inequalities should be reversed') installs, so vn.tex already carries the correction. OUR DOC DEFECT: the doc comment asserts that 'the thesis displays the inequalities in the opposite direction', which is no longer true of vn.tex, and it does not cite the erratum. Our proof is 61III's chain, with the positive constant ‖f(1)‖+1 substituted for ‖f(1)‖^2 to avoid a case split at f = 0, and the second inequality obtained from the first at a*
62I|ncpsu_floor|Theses/A/VN/Projections.lean|ok|faithful|62I: floor (f a) = floor (f (floor a)) for an ncpsu-map and an effect a. Our proof is 62II step for step: floor (f a) = floor (f (a^2)) from 56XIII.3 and cp-cs, induction to a^{2^n}, then normality carries the 56VI infimum floor a = inf_n a^{2^n} through f. (62II's own proof cites parsec-40.150 where it means 340.140, corrected in asols; a proof-internal typo only)
63I|exists_carrier|Theses/A/VN/Projections.lean|ok|faithful|63I's well-definedness clause ('which exists by ncp-union'): every np-map has a least projection p with f p^perp = 0. Ours is exactly that citation, 60IX.3 complemented
63I|carrier|Theses/A/VN/Projections.lean|ok|none|63I, the definition of the carrier of an np-map. Definition
63I|npCarrier|Theses/A/VN/Projections.lean|ok|none|63I specialised to np-functionals; not a separate thesis statement
63II.1|carrier_basic_1|Theses/A/VN/Projections.lean|ok|none|63II part 1 (carrier (lambda f) = carrier f for lambda > 0). The scaled map is passed as a second map g with g a = lambda f a for all a, since the positive-map type carries no scalar action here; that is the same statement. Exercise, no thesis proof
63II.2|carrier_basic_2|Theses/A/VN/Projections.lean|ok|none|63II part 2 (carrier (f+g) = carrier f cup carrier g), with the sum given pointwise as a third map. Exercise, no thesis proof
63II.3|carrier_basic_3|Theses/A/VN/Projections.lean|ok|none|63II part 3 (carrier f = 1 iff f faithful), faithfulness rendered as 'f a = 0 and a >= 0 imply a = 0'. Exercise, no thesis proof
63II.4|carrier_basic_4|Theses/A/VN/Projections.lean|ok|none|63II part 4 (for multiplicative f: carrier f = 1 iff f injective). Multiplicativity is a hypothesis on the underlying function rather than a bundled nmiu structure, which is what the exercise assumes. Exercise, no thesis proof
63III.1|carrier_ad|Theses/A/VN/Projections.lean|ok|none|63III part 1 (the carrier of a* (.) a is ceil (a a*), the range projection). Exercise, no thesis proof
63III.2|carrier_ad_operator|Theses/A/VN/Projections.lean|ok|none|63III part 2, for T : H -> K between DIFFERENT Hilbert spaces exactly as the exercise states, with the carrier identified by its fixed-point set. Exercise, no thesis proof
63III.3|carrier_vector_functional|Theses/A/VN/Projections.lean|ok|none|63III part 3 (the carrier of the vector functional on all of B(H) is ketbra x x, for a unit vector x). The exercise's parenthetical warning about restricting to a von Neumann subalgebra is a remark and has no declaration. Exercise, no thesis proof
63IV|cp_comprehension|Theses/A/VN/Projections.lean|ok|faithful|63IV cp-comprehension, for a positive map between C*-algebras (not von Neumann algebras) and an effect p with f p^perp = 0, all three equations. Our proof is 63V in both paragraphs: the scalar case by Kadison's inequality on (p^perp)^2, then the general case by separating with the states of B
63VI|carrier_fundamental|Theses/A/VN/Projections.lean|ok|faithful|63VI carrier-fundamental. The thesis gives no proof text: it states 63VI as an immediate Corollary of 63IV cp-comprehension, and since 2026-08-21 the proof IS that corollary -- one term, `cp_comprehension f (carrier f hf) (the carrier is a projection, hence an effect) (carrier_spec's f(ceil f ^perp) = 0)`. (Until then it re-ran 63IV's Kadison argument with the np-functionals of B as the separating family instead of the states, about 50 lines, and the stated corollary relation was nowhere exhibited.)|repaired 2026-08-21: proof now runs through 63IV `cp_comprehension`, which sits 70 lines above it in the same file and had never been invoked. Axiom-clean in situ.
64II|exists_spectral_approx|Theses/A/VN/Projections.lean|ok|route|not a thesis statement: the Riemann-sum spectral approximation of a self-adjoint element by real combinations of the projections ceil ((a-t)_+), with the extra clauses that these commute with the commutant of a and lie in every von Neumann subalgebra containing a. It replaces the thesis's Gelfand/Stone-Weierstrass route to 64II and 65IV|left: not a thesis statement. It is the commutativity-free strengthening of 64II off which 65IV and all three relativised 65IVs are read; see the 65IV projections_norm_dense row for the dead limb this creates and why it cannot be closed in this pass.
64II|mem_closure_span_spectral|Theses/A/VN/Projections.lean|ok|route|not a thesis statement: the closure form of exists_spectral_approx, from which both 64II and 65IV are read off|left: not a thesis statement; the closure form of the previous row.
64II|abelian_projections_norm_dense|Theses/A/VN/Projections.lean|ok|faithful|64II: every element of a commutative von Neumann algebra is a norm limit of linear combinations of projections. Since 2026-08-21 this is the thesis's own proof (vn.tex:3165): 53II `ngelfand_vna` reduces to C(spec A); 53III `vn_spectrum_extremally_disconnected` makes spec A totally separated (Mathlib's instance for an extremally disconnected Hausdorff space), so the clopen indicators -- the projections of C(spec A) -- separate its points; Stone-Weierstrass (Mathlib) gives density of the *-subalgebra they span, which in a commutative algebra is just their LINEAR span (`projStarSubalgebra`); and the transport back along gamma^-1 is by continuity, an injective *-homomorphism between C*-algebras being isometric.|repaired 2026-08-21: this is the divergence whose stated premise had expired -- the note that ngelfand_vna, 53III and Stone-Weierstrass were 'all three still sorry' was already known to be false (the stale-prose sweep corrected the wording but left the proof). The spectral Riemann sum `exists_spectral_approx`/`mem_closure_span_spectral` is untouched and still proves the stronger commutativity-free form, which is what 65IV is read off; only the private wrapper `mem_closure_span_proj`, used by nothing else, is gone. Axiom-clean in situ.
65II|commutant|Theses/A/VN/Projections.lean|ok|none|65II, the definition of the commutant, as Mathlib's Set.centralizer. Definition
65II|centre|Theses/A/VN/Projections.lean|ok|none|65II, the definition of the centre Z(A) = A^square. Definition
65III.1|commutant_basic_1|Theses/A/VN/Projections.lean|ok|none|65III part 1, all four claims (the Galois connection, antitonicity, S contained in S^squaresquare, and S^cubed = S^square). Exercise, no thesis proof
65III.2|commutant_basic_2|Theses/A/VN/Projections.lean|ok|none|65III part 2, all four claims (contains 1, closed under addition, under multiplication and scalar multiplication, and ultraweakly closed). Exercise, no thesis proof; ultraweak closedness is proved by writing the commutant as an intersection of zero sets of the ultraweakly continuous maps a -> omega(sa - as), which is 44II polarisation
65III.3|commutant_basic_3|Theses/A/VN/Projections.lean|ok|none|65III part 3, the counterexample half: the commutant need not be star-closed. Uses the exercise's own witness e_12 in M_2. Exercise, no thesis proof
65III.3|commutant_basic_3'|Theses/A/VN/Projections.lean|ok|none|65III part 3, main half: for star-closed S, S^square is a von Neumann subalgebra (star-closedness folded into the StarSubalgebra witness), and S^squaresquare is commutative when S is. The two remaining 'show that' clauses of the point -- that Z(A) is a von Neumann subalgebra, and that S^squaresquare is one containing S -- have no declaration; both are one-step instances of this theorem (at S := univ, and at S := S^square using the StarSubalgebra witness it produces, with S contained in S^squaresquare from part 1). Exercise, no thesis proof
65III.4|commutant_basic_4|Theses/A/VN/Projections.lean|ok|none|65III part 4, the computation (A cap C)^square = A and hence (A cap C)^squaresquare = Z(A). The point's opening 'in particular' sentence about a von Neumann subalgebra B is a restatement of part 3 and has no declaration of its own; the closing remark that B^squaresquare need not equal B is the content of the computation. Exercise, no thesis proof
65III.5|commutant_basic_5|Theses/A/VN/Projections.lean|stronger|none|65III part 5 (Z(B) = B cap B^square). Ours drops the hypothesis that R is a von Neumann subalgebra and states the set identity for an arbitrary subset R, where it is a tautology; the thesis's content is the same identity for a von Neumann subalgebra. Free strengthening, but it does mean the centre is rendered as a comprehension rather than through the centre of R as an algebra in its own right. Exercise, no thesis proof|left-benign: `stronger` — the identity `Z(R) = R ∩ R^□` is stated for an arbitrary subset, which the thesis's von Neumann subalgebra supplies. The centre is rendered as a comprehension rather than through the centre of `R` as an algebra, which is a rendering choice, not a defect.
65IV|projections_norm_dense|Theses/A/VN/Projections.lean|ok|route|65IV: every self-adjoint element is a norm limit of linear combinations of projections FROM {a}^squaresquare, exactly as printed. The thesis reduces to 64II through the commutative von Neumann subalgebra {a}^squaresquare; ours reads it off the spectral Riemann sum directly, whose projections already commute with everything commuting with a, so 64II is not used|left -- and this is the pass's one live dead limb. 64II abelian_projections_norm_dense, faithfully transcribed in the 2026-08-21 pass, has ZERO consumers anywhere in Theses/, precisely because 65IV reads itself off the spectral Riemann sum instead of reducing through the commutative von Neumann subalgebra {a}^squaresquare as vn.tex:3279 does. Restoring the reduction needs {a}^squaresquare bundled as a commutative von Neumann algebra TYPE (64II is stated for a type carrying [CommCStarAlgebra] and [VonNeumannAlgebra]), and the tree's only such bundling, VNSub, lives in A/VN/Division.lean -- three files DOWNSTREAM of Projections.lean. That is new machinery rather than a proof change, so it is reported here rather than repaired.
65IV|projections_norm_dense_subalgebra_selfAdjoint|Theses/A/VN/Projections.lean|ok|route|not a thesis statement: 65IV relativised to a von Neumann subalgebra, self-adjoint case. The doc explains why it does not follow from 65IV here (it would need the double commutant theorem 88VI, which is sorry)|left: not a thesis statement. NOTE CORRECTED -- '88VI, which is sorry' was stale twice over. 88VI double_commutant IS proved (A/VN/NormalFunctionals.lean:1757), but only for B(H), not for a von Neumann subalgebra of an abstract A, which is what the reduction would need. The in-file doc has carried the corrected wording since 2026-08-21; the CSV had not.
65IV|projections_norm_dense_subalgebra|Theses/A/VN/Projections.lean|ok|route|not a thesis statement: the relativised 65IV for arbitrary elements|left: not a thesis statement; the arbitrary-element case of the previous row.
65IV|mem_of_isClosed_of_projections_subalgebra|Theses/A/VN/Projections.lean|ok|route|not a thesis statement: the relativised 65IV in the form its consumers use|left: not a thesis statement; the consumer-facing form, used by 75VIII vnsac and by A/Proc/Duplicators.
66II|Ultracyclic|Theses/A/VN/Projections.lean|ok|none|66II, the definition of an ultracyclic projection (p = carrier omega for some np-functional). 66III's Remark relating this to cyclic projections is prose and is not converted. Definition
66IV.1|ultracyclic_basic_1|Theses/A/VN/Projections.lean|ok|none|66IV part 1 (the join of two ultracyclic projections is ultracyclic). Exercise, no thesis proof; ours is 63II.2 at omega + tau
66IV.2|ultracyclic_basic_2|Theses/A/VN/Projections.lean|ok|none|66IV part 2 (a projection below an ultracyclic one is ultracyclic). Exercise, no thesis proof; the witness is the compression omega(p (.) p)
66IV.3|ultracyclic_basic_3|Theses/A/VN/Projections.lean|weaker|route|66IV part 3 renders the 'in fact' equation only. The point makes two claims: (a) every projection is a DIRECTED supremum of ultracyclic projections, and (b) in fact p = sup over the omega with omega(p^perp) = 0 of carrier omega. Ours states (b) with the supremum read as the join in the poset of PROJECTIONS (projSup), while the thesis writes the supremum in A. Neither the directedness of that family nor the resulting agreement of the two suprema is recorded anywhere, so (a) is not delivered; it needs 66IV.1 (carrier omega cup carrier tau = carrier (omega+tau), which still kills p^perp) plus 56XIV. Our proof also deliberately skips the exercise's hint ('first consider p = 1'), as its doc comment says|repaired: the point's FIRST claim — every projection is a DIRECTED supremum of ultracyclic projections — is `ultracyclic_basic_3_directed` (`A/VN/Projections`:4560, 8633e37): the family `{⌈ω⌉ : ω(p^⊥) = 0}` consists of ultracyclic projections below `p`, is nonempty and directed (via 63II.2 `carrier_basic_2`, the ingredient part 1 uses), and `IsLUB` it at `p` — so the join is a genuine supremum in `A`, which is what the projSup form of this row lacked.
66IV.4|ultracyclic_basic_4|Theses/A/VN/Projections.lean|ok|none|66IV part 4. The thesis writes p = sum of the carrier omega_i; ours gives a pairwise ORTHOGONAL family with p equal to their join, which is the same statement given 56XVIII (an orthogonal family sums ultrastrongly to its join), proved earlier in this module. Exercise, no thesis proof; ours is a Zorn argument on maximal orthogonal families
67I|IsCentral|Theses/A/VN/Projections.lean|ok|none|67I, the definition of a central element. Definition
67II.3|central_examples_3|Theses/A/VN/Projections.lean|ok|route|67II part 3, only the scalars of B(H) are central, stated for arbitrary T (the thesis argues the positive case). Parts 1 (in a commutative von Neumann algebra every element is central) and 2 (an element of a direct sum is central iff each component is) have no declaration -- the doc calls them immediate. 67III's Remark (factor) is prose. Our proof does not follow the thesis's computation with A‖y‖^2 = ‖sqrt A y‖^2: it shows instead that commuting with every ketbra x x makes every vector an eigenvector, then that such an operator is a scalar|left: restoring the printed route would need a step the thesis does not give. 67II.3's computation A‖y‖² = ‖sqrt(A) y‖² is run for a POSITIVE central A; our statement is for an arbitrary central T, and reducing the general case to the positive one (central self-adjoint parts, then their positive and negative parts, all central by cfc) is nowhere in the thesis. The statement may not be weakened to the positive case.
67IV.1|central_projections_sums_1|Theses/A/VN/Projections.lean|weaker|none|67IV part 1 is substantially under-rendered. The point asks for three things: (i) cA is a von Neumann subalgebra of A but for the unit, (ii) cA is a von Neumann ALGEBRA with c as unit, and (iii) a -> (ca, c^perp a) is an nmiu-ISOMORPHISM A -> cA (+) c^perp A. Ours states only part of (i): closure under addition, multiplication and star, the idempotence c c = c, and closure under bounded directed suprema. Closure under scalar multiplication and NORM-CLOSEDNESS -- both required by IsVNSubalgebra -- are not stated, and neither (ii) nor (iii) has any declaration in the module. Exercise, no thesis proof|repaired: demand (i) IN PLACE — the statement now also carries closure under scalar multiplication and norm-closedness (`IsClosed {b ∣ c * b = b}`), the two `IsVNSubalgebra` fields the audit found missing. Demands (ii) and (iii) are `central_projections_sums_1_algebra` (:5335), on the new corner-carrier type `CentralProj.sub` whose `1` is `c`: an NMIUMap `Φ : A → c.sub × c.compl.sub` that is `Function.Bijective`, with `(Φ a).1 = c*a` and `(Φ a).2 = (1-c)*a`. Read and checked.
67IV.2|central_family_separating|Theses/A/VN/Projections.lean|ok|none|not a thesis statement: an auxiliary for 67IV.2, that a family of central projections with join 1 is separating
67IV.2|exists_corner_lift_nonneg|Theses/A/VN/Projections.lean|ok|none|not a thesis statement: the existence half of 67IV.2 for a positive bounded family, by taking the supremum of the finite partial sums
67IV.2|exists_corner_lift_selfAdjoint|Theses/A/VN/Projections.lean|ok|none|not a thesis statement: the self-adjoint case of the same lift, by shifting
67IV.2|central_projections_sums_2|Theses/A/VN/Projections.lean|weaker|none|67IV part 2 asks that a -> (c_i a)_i be an nmiu-ISOMORPHISM A -> direct sum of the c_i A. Ours states only that the map is bijective onto the norm-bounded families in the corners (a unique a with c_i a = b_i for each bounded choice of b_i). That it is multiplicative, involutive, unital and normal -- i.e. everything in 'nmiu' -- is not stated, and neither is the direct sum itself constructed. The hypothesis 'sum of c_i = 1' is rendered as pairwise orthogonality plus join 1, which is equivalent by 56XVIII. The doc comment admits the concrete rendering. Exercise, no thesis proof|repaired: `central_projections_sums_2_iso` (`A/VN/Projections`:5729, 8633e37) gives the nmiu-ISOMORPHISM `∃ Φ : NMIUMap A (lp (fun i => (c i).sub) ∞), Function.Bijective ⇑Φ ∧ ∀ a i, (Φ a) i = cᵢ * a` — so multiplicativity, involutivity, unitality, ℂ-linearity and normality are all claimed (they are `NMIUMap` fields), and the direct sum IS formed. Its `[∀ i, Nontrivial ((c i).sub)]` binder is Mathlib's `lp _ ∞` binder again, documented as such.
68I|isLeast_centralAbove|Theses/A/VN/Projections.lean|ok|faithful|68I cceil-fundamental, the content: the join over a of ceil (a* e a) is the least central projection above a projection e. Our proof is 68II: centrality from supp (c b) = ceil (b* c b) = join_a ceil ((ab)* e (ab)) <= c by 60IX.2 and 60VII.1, minimality from e <= q giving e a q = e q a = e a
68I|cceil_fundamental|Theses/A/VN/Projections.lean|ok|faithful|68I in the form the module uses: cceil e is the least central projection above e AND equals the join of the ceil (a* e a). Same proof
68I|projSup_isCentral|Theses/A/VN/Projections.lean|ok|none|not a thesis statement: the join of a set of central projections is central, by the 68I argument
68III|exists_cceil|Theses/A/VN/Projections.lean|ok|faithful|68III's well-definedness: every a has a least central projection p with p a = a. The thesis obtains it by applying 68I to the support/range projection; so does ours
68III|cceil|Theses/A/VN/Projections.lean|ok|none|68III, the definition of the central support. Definition
68III|cceil_eq_cceil_supp|Theses/A/VN/Projections.lean|ok|faithful|68III's embedded chain: cceil a = cceil (supp a) = cceil (range a), and for a central projection c, cceil a <= c iff a c = a iff c a = a. All of the point's displayed equivalences
68IV.1|cceil_basic_1|Theses/A/VN/Projections.lean|ok|none|68IV part 1, all three equalities. Exercise, no thesis proof
68IV.2|cceil_basic_2|Theses/A/VN/Projections.lean|ok|none|68IV part 2, all three clauses (directed suprema of positives, joins of projections, and cceil (a+b) = cceil (ceil a cup ceil b) = cceil a cup cceil b for positive a, b), with the positivity hypotheses the current vn.tex carries. OUR DOC DEFECT: the doc comment presents the positivity requirement as a new 'Erratum (author)' against 'vn.tex:3497', but vn.tex already reads 'subset of positive elements' and 'for all positive a,b' -- this is asols' erratum parsec-680.40, already incorporated, and the doc neither cites it nor matches the current text. Exercise, no thesis proof
68IV.3|cceil_basic_3|Theses/A/VN/Projections.lean|ok|none|68IV part 3: cceil a * c = cceil (a c) for central c, and the conclusions cceil a cceil b = cceil (a cceil b) = cceil a cap cceil b. The printed chain has a fourth term, cceil (cceil a * b), which has no declaration; it is the (b,a) instance of the second equality together with centrality. Exercise, no thesis proof
69I|cceilMap|Theses/A/VN/Projections.lean|ok|none|69I, the definition of the central carrier of an np-map. Definition
69I|cceilMap_least|Theses/A/VN/Projections.lean|ok|none|69I's embedded claim: for a central EFFECT c, f(c^perp) = 0 iff carrier f <= c iff cceilMap f <= c, exactly as printed (note the point quantifies over central effects, not just projections, and ours does too). The closing 'and so cceilMap f is the least central effect (and central projection) p with f(p^perp) = 0' has no declaration; it is the c := cceilMap f instance of the two equivalences. Definition-embedded exercise, no thesis proof
69II|weakly_closed_ideal|Theses/A/VN/Projections.lean|ok|mild|69II prop:weakly-closed-ideal, both clauses: a unique central projection c with D = cA (rendered as 'a in D iff c a = a', which is exactly membership in cA), and c the greatest projection of D. Our proof is 69III with its first paragraph replaced by the ERRATA repair (powers instead of roots), and with the passage from effects to arbitrary elements of D routed through ceil (a* a), ceil (a a*) <= c rather than the printed 'by scaling ... real and imaginary parts', which has the same circularity. Everything else is the printed proof. Note the point's parenthetical 'for example when A is ultrastrongly closed' should say D, not A|left: the deviations ARE the ERRATA 69III repair (powers instead of roots, and the same circularity avoided in the passage to arbitrary elements of D). Restoring the printed proof would import a defect.
69III|ceil_mem_ideal_of_effect|Theses/A/VN/Projections.lean|ok|mild|the repaired first paragraph of 69III: ceil a lies in a directed-sup-closed two-sided ideal containing the effect a. The thesis's argument uses ceil a = sup_n a^{1/2^n}, which does not stay in the ideal; ours uses the powers form. ERRATA row 69III|left: same, ERRATA 69III.
69IV|carrier_miu|Theses/A/VN/Projections.lean|ok|faithful|69IV carrier-miu: the carrier of an nmiu-map is central, and ker f = (carrier f)^perp A (rendered as f a = 0 iff carrier f * a = 0, the same set). The point's other half, the EQUALITY carrier f = cceilMap f, is `carrier_eq_cceilMap` just below (the earlier note that it had no declaration is stale). Proof: the thesis states 69IV as a Corollary of 69II (a two-sided ideal closed under bounded directed suprema is cA for a unique central c, the greatest projection of the ideal), and since 2026-08-21 it IS that corollary -- ker f is formed as `TwoSidedIdeal.ker`, shown directed-sup-closed from normality of f, and 69II `weakly_closed_ideal` gives the central c; carrier f = 1 - c falls out of the two extremality clauses.|repaired 2026-08-21: 69II is now used, where the previous proof argued directly from 60V and did not touch it. Axiom-clean in situ.
69IVa|nmiu_factors|Theses/A/VN/Projections.lean|weaker|none|69IVa nmiu-factors (vn.tex point {41}; the DISP letter suffix is this file's convention for the 41/42 sub-points). The exercise asks for a FACTORISATION of f as an nmiu-surjection A -> cceilMap f * A followed by an nmiu-injection. Ours states only the two shadows of that: f a = f (carrier f * a), and f a = f b iff carrier f * a = carrier f * b. Neither the corner algebra nor either map is constructed, and 'nmiu' is claimed of neither. The doc admits the concrete rendering. Exercise, no thesis proof|repaired: the factorisation itself is `nmiu_factors_maps` (`A/VN/Projections`:6774, 8633e37) — `∃ (c : CentralProj A) (G : NMIUMap A c.sub) (H : NMIUMap c.sub B)` with `c.val = ⌈f⌉`, `G` surjective, `H` injective and `f a = H (G a)`. Both maps are NMIUMaps, so 'nmiu' is claimed of both, and the corner IS constructed (CentralProj.sub).
69IVb|nmiu_image|Theses/A/VN/Projections.lean|ok|route|69IVb nmiu-image: the image of an nmiu-map is a von Neumann subalgebra of B. Exercise; its hint says to use 69IVa and injective-nmiu-iso-on-image, and ours does neither -- it proves directly that f is isometric on the corner (via the injective star-hom (f, (1-c)(.)) into B x A), that f reflects the order there, and then closedness and directed-sup-closedness of the range|left, and NAMED: the exercise's hint route is now half-available and blocked by a universe, not by mathematics. 69IVa is `nmiu_factors_maps` (the corner c-script-A as a type, 8633e37) and 48VI.1 is `injective_nmiu_iso_on_image_1` / `isVNSubalgebra_range` in A/VN/Basic, so f(A) = H(cA) for the injective H would be four lines. But both forms of 48VI.1 are stated for two von Neumann algebras in the SAME universe (A/VN/Basic `section Elementary`, `variable {A B : Type u}`, and `variable {C : Type u}`), while 69IVb is stated for A : Type u, B : Type v. Universe-generalizing `isVNSubalgebra_range` is a statement change to an auxiliary, which the proof pass forbids; duplicating its 110 lines into Projections was judged worse than the 250-line direct proof it would replace. The direct proof is in fact 48VI's own argument (isometry on the corner, order reflection, closedness, directed-sup-closedness) inlined.
69V|gns_zero_iff|Theses/A/VN/Projections.lean|ok|none|not a thesis statement: the GNS identity ‖rho(e) rho(a) xi‖^2 = omega(a* e a), the computation both 69V and 69VII rest on
69V|omega_conj_cceil_compl|Theses/A/VN/Projections.lean|ok|faithful|half of 69VI (the proof of 69V): omega(a* (cceil (carrier omega))^perp a) = 0
69V|cceil_npCarrier_le|Theses/A/VN/Projections.lean|ok|faithful|the other half of 69VI: if omega(a* e a) = 0 for all a then cceil (carrier omega) <= e^perp, via 68I
69V|proto_gns_ceil|Theses/A/VN/Projections.lean|stronger|faithful|69V proto-gns-ceil. The thesis states cceil omega = carrier (rho_omega) for the SPECIFIC GNS representation of 48I; ours states it for EVERY normal cyclic representation (rho, xi) implementing omega. That is more general, but it means the thesis's own statement is nowhere instantiated in this module -- nothing here applies it to rho_omega, so the identity for the GNS representation is not on record. Proof is 69VI's two halves|repaired: the instantiation gap is closed — `proto_gns_ceil_gnsRep` (:7233, 8633e37) states 69V at the thesis's own ϱ_ω, in the ℓ²(ι) form 48III `gns_normal` supplies it, so the printed `⌈⌈ω⌉⌉ = ⌈ϱ_ω⌉` is on record. The general statement stays as the benign generalisation it was.
69VII|gns_ceil|Theses/A/VN/Projections.lean|stronger|faithful|69VII gns-ceil, generalised the same way: stated for every normal representation with vectors x_omega implementing the omega in Omega and dense span of the rho(a) x_omega, rather than for rho_Omega. Same instantiation gap. Proof is 69VIII|repaired: `gns_ceil_gnsRepFam` (:7556, 8633e37) instantiates 69VII at the thesis's ϱ_Ω = `gnsRepFam (famOfSet Ω)`, giving `⌈ϱ_Ω⌉ = ⋃_{ω∈Ω} ⌈⌈ω⌉⌉` verbatim. The instantiation gap is closed.
69IX|CentreSeparating|Theses/A/VN/Projections.lean|differs|none|carries a 69IX doc label but is NEITHER item of 69IX: it says Omega kills no nonzero central POSITIVE element, where item 1 (cstar.tex 21II.4) conjugates and item 2 speaks of central projections. It sits strictly between them and is strictly stronger as a hypothesis. The doc comment says so, and says it is kept only because A/Proc/Tensor states eight results with it -- but that is now STALE: Tensor.lean uses CentreSeparatingConj throughout, and this definition is used nowhere outside this file (only by CentreSeparating.centralProj and CentreSeparating.conj here)|repaired: renamed `CentrePositiveSeparating` (:7317, 8633e37) and the 69IX framing DROPPED — its doc now says in as many words that it is an auxiliary carrying no DISP, is neither item of 69IX, and that the "Tensor.lean states eight results with it" justification was stale. 69IX's two items are `CentreSeparatingConj` (21II.4) and `CentreSeparatingCentralProj`. The mislabelling the row records is gone.
69IX|CentreSeparating.centralProj|Theses/A/VN/Projections.lean|ok|none|not a thesis statement: the auxiliary notion implies item 2
69IX|eq_zero_of_centreSeparating_conj|Theses/A/VN/Projections.lean|ok|route|69IX's implication (2) => (1). The thesis routes (2) => (3) => (1) through gns-ceil and 30X; ours is a direct shortcut: cceil a = join_b ceil (b* range a b) by 68I, every omega kills each ceil (b* range a b) by 60I, hence kills the central projection cceil a. The doc declares the shortcut|left: the thesis's (2) => (3) needs 30X's clause (1) to speak about this particular rho_Omega, and QUESTIONS A8 records that our 30X states it existentially -- restating it is a STATEMENT change, forbidden here. Dead-limb check clean: gns_ceil is not orphaned by the shortcut, since 69VII is instantiated at rho_Omega as gns_ceil_gnsRepFam and drives entries 3 <-> 4 of the TFAE.
69IX|CentreSeparatingCentralProj.conj|Theses/A/VN/Projections.lean|ok|route|69IX (2) => (1) packaged. Same|left: packaging of the previous row; same reason.
69IX|CentreSeparating.conj|Theses/A/VN/Projections.lean|ok|route|the auxiliary notion implies item 1, via item 2|left: auxiliary packaging; same reason.
69IX|vn_center_separating|Theses/A/VN/Projections.lean|differs|route|69IX vn-center-separating. Items 1 and 2 are rendered verbatim, but item 3 is NOT: the thesis says 'the map rho_Omega : A -> B(H_Omega) of 48I is INJECTIVE', while ours says 'the join over Omega of cceil (carrier omega) is 1'. Those are equivalent only through 69VII (instantiated at rho_Omega, which this module does not do -- see gns_ceil) and 63II.3/63II.4; neither step is taken here, so injectivity of rho_Omega appears nowhere. The doc comment states the substitution. The proof also takes a different route from 69X: the thesis has (1)<=>(3) from 30X and proves (2)=>(3); ours proves (1)=>(3)=>(2)=>(1)|repaired: the TFAE now has FOUR entries, the fourth being item 3 verbatim — `Function.Injective ⇑(gnsRepFam (famOfSet Ω))`, i.e. injectivity of ϱ_Ω (:7596, 8633e37). Entries 3 and 4 are joined by `gnsRepFam_injective_iff` (:7565), which is 69VII instantiated at ϱ_Ω (`gns_ceil_gnsRepFam`) followed by 63II.4 — exactly the instantiation the module never did. The route still differs from 69X's and the doc says so.
69IX.1|CentreSeparatingConj|Theses/A/VN/Projections.lean|ok|none|69IX item 1, defined as cstar.tex 21II.4 applied to Omega. Definition
69IX.2|CentreSeparatingCentralProj|Theses/A/VN/Projections.lean|ok|none|69IX item 2, verbatim. Definition
70II|central_projection_central_carrier|Theses/A/VN/Projections.lean|ok|none|70II: every central projection is a sum of central carriers of np-functionals. As at 66IV.4 the sum is rendered as a pairwise ORTHOGONAL family together with an equality to their join, which is the same claim given 56XVIII. Exercise; ours follows the printed hint (a maximal orthogonal set, by Zorn) and, as the doc says, does not route through 66IV.4
70III|cvn|Theses/A/VN/Projections.lean|weaker|route|70III cvn, the chapter's closing THEOREM, is not stated. The thesis says every commutative von Neumann algebra is nmiu-isomorphic to a direct sum of L^infty(X_i) over finite complete measure spaces. Ours states only the reduction actually proved: there is an orthogonal family of np-functionals whose central carriers join to 1, each faithful on its corner. The identification of each corner with an L^infty(X_i) (54XI) is not applied, the direct sum is not formed, and no nmiu-isomorphism appears. The doc carries a FIXME saying the target has no Mathlib carrier (cf. 51IX). Proof: 70II at c = 1 plus the thesis's observation that cceil = ceil in a commutative algebra, which is the printed argument as far as it goes|repaired: 70III is now STATED IN FULL, as `cvn_linfty` (`A/VN/Projections.lean`, beside `cvn`, which is left alone because `A/Proc/Duplicators:4038` destructures it). The statement: for a commutative von Neumann algebra `C` there are an index type, a family of algebras `Aᵢ`, finite complete measure spaces `Xᵢ` and a BIJECTIVE `NMIUMap C (lp A ∞)` — with each `Aᵢ` presented as `L^∞(Xᵢ)` by a `qᵢ : 𝓛^∞(Xᵢ) → Aᵢ` that is surjective, additive, ℂ-homogeneous, multiplicative, ∗-preserving and unital with kernel exactly the a.e.-zero functions, i.e. exactly the rendering 51IX `Linfty_vn` gives `L^∞(X)` (there is no `L^∞` carrier in the tree). The three steps of the printed proof are `cvn` (70II at c = 1), `cvn_direct_sum` (67IV.2) and the new `cvn_faithful_4` (54XI.3's isomorphism clause, added to `A/VN/Basic` — see the 54XI row of avn-basic.csv). Axiom-clean in situ.
74IV|spectrum_abs_le|Theses/A/VN/Projections.lean|ok|mathlib|not a thesis statement: the real spectrum of a self-adjoint element lies in [-‖a‖,‖a‖], an auxiliary used by 74IV in Completeness.lean
