79I|IsPseudoinverse|Theses/A/VN/Division.lean|ok|none|vn.tex 790.10 Definition. `ta = ceill a = ceilr t` and `at = ceill t = ceilr a`, rendered as the four-fold conjunction with suppProj = ceill and rangeProj = ceilr. Definition, no thesis proof
79I|Pseudoinvertible|Theses/A/VN/Division.lean|ok|none|790.10, the existential half of the Definition
79I|isPseudoinverse_unique|Theses/A/VN/Division.lean|ok|none|790.10's embedded claim "when such t exists, it is unique (by mult-cancellation)". The Definition prints no argument beyond that bare citation, and our proof is what it cites: 60VIII `mult_cancellation_2` fed `ta = ceill a = t'a` and `ceill t = ceilr a = ceill t'`|regraded 2026-09-04: reclassified faithful -> none. the point prints no argument -- 79I `dfn-pseudoinverse` is a Definition (vn.tex:5089-5107) and its uniqueness clause is the parenthetical bare citation "(by \sref{mult-cancellation})" -- so there is nothing for faithful to match. 
79I|pinv|Theses/A/VN/Division.lean|ok|none|790.10, the notation `a^{~1}`, with junk value 0 off the pseudoinvertible elements
79I|pinv_spec|Theses/A/VN/Division.lean|ok|none|auxiliary, not a transcription: the defining property of the junk-valued `pinv`
79I|rangeProj_star|Theses/A/VN/Division.lean|ok|none|auxiliary, not a transcription: `ceilr (a*) = ceill a`
79I|suppProj_star|Theses/A/VN/Division.lean|ok|none|auxiliary, not a transcription: `ceill (a*) = ceilr a`
79I|suppProj_of_isStarProjection|Theses/A/VN/Division.lean|ok|none|auxiliary, not a transcription: `ceill p = p` for a projection
79I|rangeProj_of_isStarProjection|Theses/A/VN/Division.lean|ok|none|auxiliary, not a transcription: `ceilr p = p` for a projection
79I|suppProj_of_nonneg|Theses/A/VN/Division.lean|ok|none|auxiliary, not a transcription: `ceill x = ceil x` for positive x
79I|suppProj_mul_le|Theses/A/VN/Division.lean|ok|none|auxiliary, not a transcription: `ceill (xy) <= ceill y`
79I|rangeProj_mul_le|Theses/A/VN/Division.lean|ok|none|auxiliary, not a transcription: `ceilr (xy) <= ceilr x`
60VIII|mult_cancellation_left|Theses/A/VN/Division.lean|ok|none|not a fresh transcription: the left-handed mirror of 60VIII `mult-cancellation` (audited in avn-projections), obtained here by starring the right-handed form|left: a mirror obtained by starring the right-handed 60VIII, not a fresh transcription; there is no second thesis argument to be faithful to. -- 2026-08-26 A/VN route pass: RECLASSIFIED route -> none, reason 1. Not a thesis statement -- the left-handed mirror of 60VIII, obtained by starring the right-handed form audited in avn-projections; there is no second thesis argument.
79I|IsPartialIsometry|Theses/A/VN/Division.lean|ok|none|790.10's closing sentence "if a^{~1} = a*, we say a is a partial isometry", rendered as `IsPseudoinverse A u (star u)`
79II|pseudoinverse_equivalents|Theses/A/VN/Division.lean|ok|faithful|790.20 Lemma, all six equivalents in the thesis's order and shape. Proof is 790.30 step for step: (5<=>6) by symmetry of the definition, then the two loops (1)->(2)->(5)->(1) and (3)->(4)->(6)->(3) obtained by instantiating the same three private lemmas at the swapped pair, with 60VIII throughout — which is exactly the thesis's "follows along the same lines" and "by the same principles"
79IV|partial_isometry_equivalents|Theses/A/VN/Division.lean|ok|none|790.40 Exercise, all five equivalents. The thesis's sixth clause "iff u* is the pseudoinverse of u" is our clause 1, `IsPartialIsometry`, which is definitionally that. Exercise, no thesis proof
79V|pseudoinverse_basic_1|Theses/A/VN/Division.lean|ok|none|790.50 part 1, both halves (equivalence and the formula for the pseudoinverse of the adjoint). Exercise, no thesis proof
79V|pseudoinverse_basic_2|Theses/A/VN/Division.lean|ok|none|790.50 part 2, with the thesis's hypothesis `ceilr b = ceill a`. Exercise, no thesis proof
79V|pseudoinverse_basic_3|Theses/A/VN/Division.lean|ok|none|790.50 part 3, all three claims. Exercise, no thesis proof
79V|rangeProj_eq_suppProj_of_isSelfAdjoint|Theses/A/VN/Division.lean|ok|none|auxiliary, not a transcription
79V|pinv_isSelfAdjoint|Theses/A/VN/Division.lean|ok|none|auxiliary, not a transcription: the pseudoinverse of a self-adjoint element is self-adjoint
79II|pinv_nonneg|Theses/A/VN/Division.lean|ok|none|auxiliary, not a transcription: the pseudoinverse of a positive element is positive, read off 79II clause 4
79VI|commute_ceil_of_commute|Theses/A/VN/Division.lean|ok|none|auxiliary, not a transcription: whatever commutes with positive a commutes with ceil a
79VI|pseudoinverse_basic_2'_1|Theses/A/VN/Division.lean|ok|none|790.60 part 1 is a THREE-way equivalence — "a is pseudoinvertible iff a is invertible in ceil(a) A ceil(a) iff at = ceil a for some t in A_+" — plus "at = ta for such t". We state only the second equivalence and the commutation clause. The middle clause, invertibility in the corner, is mentioned in our doc comment but is not in the statement and the corner is never formed. Exercise, no thesis proof|repaired: in place (e58c60e) — the statement is now the THREE-way equivalence — the middle clause, invertibility in the corner `⌈a⌉𝒶⌈a⌉`, is the first conjunct `Pseudoinvertible A a ↔ ∃ t, ⌈a⌉t⌈a⌉ = t ∧ at = ⌈a⌉ ∧ ta = ⌈a⌉`, the corner handled as a set (membership `⌈a⌉t⌈a⌉ = t`, unit `⌈a⌉`) exactly as 67IV.1 handles a central corner. The commutation clause is kept. -- 2026-08-26 A/VN stmt pass: RECLASSIFIED weaker -> ok, reason 4. The repair was IN PLACE and re-read at Division:478: the statement is the THREE-way equivalence, the middle clause being invertibility in the corner ceil(a) A ceil(a), rendered as a set exactly as 67IV.1 renders a central corner, with the commutation clause kept. Axiom-clean in situ.
79VI|pseudoinverse_basic_2'_2|Theses/A/VN/Division.lean|ok|none|790.60 part 2, "a pseudoinvertible iff lambda ceil a <= a for some lambda > 0". Exercise, no thesis proof
79VI|pseudoinverse_basic_2'_3|Theses/A/VN/Division.lean|ok|none|790.60 part 3, both claims. The thesis's parenthetical "in other words a^{~1} is in {a}^square-square" is a restatement of the second, not a further claim. Exercise, no thesis proof
79I|isPseudoinverse_self_of_isStarProjection|Theses/A/VN/Division.lean|ok|none|auxiliary, not a transcription: a projection is its own pseudoinverse
79I|pseudoinvertible_of_isStarProjection|Theses/A/VN/Division.lean|ok|none|auxiliary, not a transcription
79I|pinv_of_isStarProjection|Theses/A/VN/Division.lean|ok|none|auxiliary, not a transcription
79VI|pseudoinverse_basic_2'_4_forces_eq_one|Theses/A/VN/Division.lean|ok|none|not a transcription: the record that the PRINTED 790.60 part 4 conclusion would force p = 1 for every projection. Kept as documentation of erratum parsec-790.60
79VI|pbFourWitness|Theses/A/VN/Division.lean|ok|none|auxiliary, not a transcription: the counterexample witness in l-infinity of a two-point set
79VI|pseudoinverse_basic_2'_4_is_false|Theses/A/VN/Division.lean|ok|none|not a transcription but the refutation of the PRINTED 790.60 part 4 (`c^{~1} <= b^{~1}`), which is erratum parsec-790.60 in asols.tex. vn.tex now carries the corrected form, so this lemma records a defect of the printed thesis only. Doc comment is accurate about that
79VI|exists_sqrt_commuting|Theses/A/VN/Division.lean|ok|none|auxiliary, not a transcription
79VI|isStarProjection_absorb|Theses/A/VN/Division.lean|ok|none|auxiliary, not a transcription
79VI|pseudoinverse_basic_2'_4|Theses/A/VN/Division.lean|ok|none|790.60 part 4 as it now stands in vn.tex line 5228: "Show that ceil(b) c^{~1} ceil(b) <= b^{~1} when b <= c are pseudoinvertible positive COMMUTING elements". Our statement carries every hypothesis the corrected point carries, `hcomm` included, so it matches the ruled form exactly — the unused-hypothesis question resolves in the tree's favour. The ruling compressed the CONCLUSION, so the printed parenthetical "still true without the requirement that b and c commute" survives into the corrected point, and our proof (which never uses `hcomm`) in fact establishes that stronger parenthetical claim; the parenthetical is not separately stated, which is the only thing 790.60.4 asks for that we do not say. `set_option linter.unusedVariables false` and the comment above the theorem are therefore justified. Exercise with no thesis argument, so the proof is the standard C*-one and cannot be `none`|left: an Exercise with no thesis argument, and the 790.60 ruling has already been applied to the statement. `none` is not available because a proof had to be supplied; the standard C*-one is the only one on offer. -- 2026-08-26 A/VN route pass: RECLASSIFIED route -> none, reason 1. vn.tex:5222-5228 is the whole of 790.60.4 -- "Show that ceil(b) c^{~1} ceil(b) <= b^{~1} when b <= c are pseudoinvertible positive COMMUTING elements. (The statement is still true without the requirement that b and c commute, but also much harder to prove.)" -- an Exercise with no argument and no solution in asols.tex. The earlier status refused none on the ground that "a proof had to be supplied"; that is not the house convention -- 110 rows reading "Exercise, no thesis proof" are classed none, 33II nonneg_iff_matForm among them, and every one of those also carries a Lean proof. Everything else in the earlier status stands: the statement matches the ruled form of 790.60 hypothesis for hypothesis, and our proof happens to establish the printed parenthetical too.
79VI|pseudoinverse_basic_2'_5|Theses/A/VN/Division.lean|ok|none|790.60 part 5. The sequence is pinned by the formula `if n < 2 then 0 else (n-1)^{-1}`, which is (0,0,1,1/2,1/3,...). Exercise, no thesis proof
80II|IsApproxPseudoinverse|Theses/A/VN/Division.lean|ok|none|800.20 Definition, all four sums as suprema of the partial sums. Definition, no thesis proof
80III|eq_of_le_of_isLUB_partialSums|Theses/A/VN/Division.lean|ok|none|auxiliary, not a transcription: the order-limit lemma behind the 80III structural facts
80III|mul_eq_rangeProj|Theses/A/VN/Division.lean|ok|none|auxiliary, not a transcription: `t_n a = ceilr t_n`, a structural consequence of 800.20 needed for 800.30
80III|mul_eq_suppProj|Theses/A/VN/Division.lean|ok|none|auxiliary, not a transcription
80III|mul_mul_self|Theses/A/VN/Division.lean|ok|none|auxiliary, not a transcription: `t_n a t_n = t_n`
80III|isSelfAdjoint_of_nonneg|Theses/A/VN/Division.lean|ok|none|auxiliary, not a transcription
80III|commute_of_nonneg|Theses/A/VN/Division.lean|ok|none|auxiliary, not a transcription
80III|apinv_rangeProj_mul|Theses/A/VN/Division.lean|ok|none|auxiliary, not a transcription
80III|apinv_rangeProj_mul_sum|Theses/A/VN/Division.lean|ok|none|auxiliary, not a transcription
80III|approximate_pseudoinverse_reduction|Theses/A/VN/Division.lean|ok|none|800.30 Exercise, exactly as printed. Exercise, no thesis argument — our route through 60IX.2 `ceil_conj_projSup` is our own, as the doc says
80IV|posPart_sub_algebraMap|Theses/A/VN/Division.lean|ok|none|auxiliary, not a transcription
80IV|posPart_sub_le|Theses/A/VN/Division.lean|ok|none|auxiliary, not a transcription
80IV|posPart_sub_mono|Theses/A/VN/Division.lean|ok|none|auxiliary, not a transcription
80IV|norm_sub_posPart_le|Theses/A/VN/Division.lean|ok|none|auxiliary, not a transcription
80IV|approximate_pseudoinverse_of_nonneg|Theses/A/VN/Division.lean|ok|faithful|800.40 for positive a, which is the body of the thesis's proof 800.50: q_n = ceil((a-1/n)_+), e_n = q_{n+1} - q_n, the estimate 1/(n+1) e_n <= a e_n <= 1/n e_n, ceil(a e_n) = e_n, pseudoinvertibility by 790.60.2, and t_n = (a e_n)^{~1} with t_n a = a t_n = e_n summing to ceil a
80IV|approximate_pseudoinverse|Theses/A/VN/Division.lean|ok|faithful|800.40 Theorem. Our proof is the thesis's opening reduction: by 800.30 it suffices to treat the positive element a*a
81I|exists_div|Theses/A/VN/Division.lean|ok|faithful|810.10's well-definedness claim, "the (by mult-cancellation) unique element c of A ceilr b with a = cb". Proved by 60VIII as the thesis directs
81I|div|Theses/A/VN/Division.lean|ok|none|810.10, the notation a/b, junk value 0 off Ab
81I|ldiv|Theses/A/VN/Division.lean|ok|none|810.10, the dual notation b\a, defined by starring a/b — which is 810.20 part 5, and so is not independent of it
81I|div_spec|Theses/A/VN/Division.lean|ok|none|auxiliary, not a transcription
81I|div_eq|Theses/A/VN/Division.lean|ok|none|auxiliary, not a transcription
81I|ldiv_spec|Theses/A/VN/Division.lean|ok|none|auxiliary, not a transcription
81I|ldiv_eq|Theses/A/VN/Division.lean|ok|none|auxiliary, not a transcription
81II|division_basic_1|Theses/A/VN/Division.lean|ok|none|810.20 part 1. vn.tex prints "for every element c of bA", which cannot be meant — c/b is only defined for c in Ab, and the conclusion c/b in ceilr(c) A ceilr(b) is about Ab. Our hypothesis is c in Ab, the correct reading, so the statement silently carries a repair. Our DOC COMMENT gets the two the wrong way round: it says "for c in bA ... (thesis: for every element c of Ab)", which is backwards on both counts. Exercise, no thesis proof
81II|division_basic_2|Theses/A/VN/Division.lean|ok|none|810.20 part 2, both identities. Exercise, no thesis proof
81II|division_basic_3|Theses/A/VN/Division.lean|ok|none|810.20 part 3. The first three claims are faithful. The fourth, "show that a\c/b is the unique element d of ceill(a) A ceilr(b) with c = adb", is rendered as a bare `ExistsUnique` — the identification of that unique d with `ldiv a (div c b)` is dropped, so the statement no longer connects the uniqueness to the divided element it is about. Exercise, no thesis proof|repaired: in place (e58c60e) — the fourth clause now NAMES the unique element — `∀ e, (c = a*e*b ∧ ⌈a⌉e = e ∧ e⌊b⌉ = e) ↔ e = ldiv a (div c b)` — so uniqueness is tied to `a\c/b`, not left bare. -- 2026-08-26 A/VN stmt pass: RECLASSIFIED weaker -> ok, reason 4. The repair was IN PLACE and re-read at Division:1855: the fourth clause NAMES the unique element -- for all e, (c = a*e*b and suppProj a * e = e and e * rangeProj b = e) iff e = ldiv a (div c b) -- so uniqueness is tied to a\c/b and is no longer a bare ExistsUnique. Axiom-clean in situ.
81II|division_basic_4|Theses/A/VN/Division.lean|ok|none|810.20 part 4, both claims. Exercise, no thesis proof
81II|division_basic_5|Theses/A/VN/Division.lean|ok|none|810.20 part 5, both claims. Exercise, no thesis proof|dead limb CLOSED 2026-08-26: until this session 81II.5 had ZERO consumers anywhere in Theses/, because 81IX's Lean proof took a compactness route where vn.tex:5563 says 'c\x = (x*/c*)* by division-basic(5)'. 81IX is now on the printed proof and consumes it (Division.lean:3288).
81III|usTendsto_of_monotone_isStarProjection|Theses/A/VN/Division.lean|ok|none|auxiliary, not a transcription
81III|partialSums_of_isLUB|Theses/A/VN/Division.lean|ok|none|auxiliary, not a transcription
81III|apinv_block_est|Theses/A/VN/Division.lean|ok|faithful|not a transcription but the thesis's own block estimate from 810.40 (vn.tex line 5411), extracted as a lemma. The displayed alignat chain is reproduced, and the bound not mentioning a is what makes 81III's uniformity work
81III|proto_douglas_1|Theses/A/VN/Division.lean|ok|faithful|810.30 Lemma, first two claims: a in Ab, and the ultrastrong convergence of the series to a/b. Our proof is 810.40 step for step — the block estimate, ultrastrong Cauchy plus 77I `vn-complete`, then `a = a ceill b = sum a t_n b` and `c ceilr b = c`
81III|proto_douglas_2|Theses/A/VN/Division.lean|ok|faithful|810.30's third claim, "and uniformly so in a", over the thesis's own class {a : a*a <= b*b}. NOTE the printed 810.70 (`div-approx`) had its "(and uniformly so)" struck by erratum parsec-810.70; that erratum does NOT touch 810.30, whose uniformity claim vn.tex still carries and we prove
81V|norm_le_of_usTendsto|Theses/A/VN/Division.lean|ok|none|auxiliary, not a transcription
81V|apinv_partialSum_norm_le|Theses/A/VN/Division.lean|ok|none|auxiliary, not a transcription
81V|div_smul_left|Theses/A/VN/Division.lean|ok|none|auxiliary, not a transcription
81V|douglas_1|Theses/A/VN/Division.lean|ok|none|810.50 part 1, Douglas' Lemma, both halves. Exercise, no thesis proof
81V|douglas_2|Theses/A/VN/Division.lean|ok|none|810.50 part 2. The thesis asks to "show that a in A ceilr b need not entail a in Ab"; ours exhibits a counterexample in l-infinity of the naturals, which is what that asks for. Exercise, no thesis proof
81VI|sequential_douglas_core|Theses/A/VN/Division.lean|ok|none|auxiliary, not a transcription: the common core of the two parts of 810.60, following the thesis's own hint
81VI|sequential_douglas_1|Theses/A/VN/Division.lean|ok|none|810.60 part 1, both halves. Exercise, no thesis proof
81VI|sequential_douglas_2|Theses/A/VN/Division.lean|ok|none|810.60 part 2. Our proof uses the thesis's hint (factor through the square root). Exercise, no thesis proof
81VII|div_approx|Theses/A/VN/Division.lean|ok|none|810.70 Exercise as vn.tex now prints it — pointwise ultrastrong convergence for a in c(A)_1 b, with NO uniformity clause. That is the corrected form: erratum parsec-810.70 struck the printed "(and uniformly so)" as unprovable, and vn.tex already carries the fix. Exercise, no thesis proof
81VI|ldiv_div_recover|Theses/A/VN/Division.lean|ok|none|auxiliary, not a transcription
81VI|corner_two_sided|Theses/A/VN/Division.lean|ok|none|auxiliary, not a transcription
81II|ldiv_div_corner|Theses/A/VN/Division.lean|ok|none|not a fresh transcription: the uniqueness half of 810.20 part 3, in the form 81VIII and the old compactness proof of 81IX needed it. Since the 2026-08-26 repair 81IX no longer uses it; its consumers are `ldiv_div_ball` and 81VIII `sequential_quotient_2`|left-benign: an auxiliary with no printed proof for the proof column to diverge from, and it is still consumed. RE-DERIVED 2026-08-29, AND BOTH LINE NUMBERS WERE WRONG: the field cited Division.lean:2841 and :2956; the call sites are :2777, inside 81II ldiv_div_ball (:2766), and :2957, inside 81VIII sequential_quotient_2 (:2842) -- 2841 is a line of that theorem's doc comment, not a use. The two consumers the note names are therefore the right two; only the numbers had drifted. EARLIER RECORD, kept: the field opened with the word KEPT, which is not one of the verdicts.
81VI|ldiv_div_ball|Theses/A/VN/Division.lean|ok|none|auxiliary, not a transcription: the explicit value of c\a/b on c(A)b
81VIII|sequential_quotient_1|Theses/A/VN/Division.lean|ok|none|810.80's equivalence of clauses 1 and 2. Exercise, no thesis proof
81VIII|sequential_quotient_2|Theses/A/VN/Division.lean|ok|none|810.80's tail. The thesis asserts TWO things: (a) "there is a unique c in A_+ with a = sqrt(b) c sqrt(b) and ceil c <= ceil b", and (b) that the double series converges ultraweakly to such c. We fold (b) INTO the uniqueness: `ExistsUnique c, (0 <= c and a = sqrt b c sqrt b and ceil c <= ceil b) and UWTendsto ... c`. Since an ultraweak limit is already unique, that uniqueness is automatic and the thesis's claim (a) — uniqueness among elements satisfying the three properties alone — is not delivered. Exercise, no thesis proof|repaired: in place (e58c60e) — the two claims are now stated SEPARATELY, as the thesis makes them — an `∃!` over the three properties alone, and then a `∀ c` clause giving the ultraweak convergence of the double series to any such `c`. The vacuous folding is gone. -- 2026-08-26 A/VN stmt pass: RECLASSIFIED weaker -> ok, reason 4. The repair was IN PLACE and re-read at Division:2841: the two claims are stated SEPARATELY as the thesis makes them -- an ExistsUnique over the three properties ALONE, then a separate `for all c` clause giving the ultraweak convergence of the double series to any such c. The vacuous folding that made the uniqueness automatic is gone. Axiom-clean in situ.
81IX|div_usc_ball|Theses/A/VN/Division.lean|ok|faithful|810.90 first map, ultrastrong continuity of a to a/b on (A)_1 b — the clause the erratum parsec-810.90 leaves standing, and which vn.tex still prints. Our proof is the thesis's own 810.100 argument: 81III.2 gives uniform convergence of the partial sums on the ball, each partial sum is right multiplication by a fixed element, ultrastrongly continuous by 44VIII
81IX|continuous_ultraweak_star|Theses/A/VN/Division.lean|ok|faithful|not a numbered point: the POSITIVE half of 43II.4 -- the adjoint is ultraweakly continuous -- which the corrected 810.90 proof uses and which vn.tex asserts in passing ('a to a* being so'). 43II.4's negative half (not ultrastrongly continuous) is `vn_counterexamples_4_star` in A/VN/Basic. Added 2026-08-26|new declaration: continuous_ultraweak_star (Division.lean:3100) was added 2026-08-26 for the corrected 810.90 proof and had no row before, so there is no mismatch to record. ONE CITATION CORRECTED on re-derivation 2026-08-29: the ingredient vn.tex names in passing, 'a maps to a-star being so', is at vn.tex:5567; :5565 is two lines earlier, the clause 'so c-backslash-(.) : c(A)_1 -> A'. The declaration is used at Division.lean:3269 and :3283, exactly where the file's 81IX section doc (:3084-3090) says the adjoint's ultraweak continuity enters.
81IX|div_uwc_ball_of_norm_le|Theses/A/VN/Division.lean|ok|faithful|810.90 first map, ULTRAWEAKLY, on (A)_lambda b. The thesis's 810.100 argument with lambda carried along, because the second half applies the first map on c(A)_1 b, contained in (A)_norm(c) b; the uniform estimate of 81V.2 is applied to (lambda+1)^-1 a and scaled back by `div_smul_left`. Added 2026-08-26|new declaration: div_uwc_ball_of_norm_le (Division.lean:3116) was added 2026-08-26 and had no row before; stmt ok, proof faithful, so there is no mismatch to record. Re-derived 2026-08-29: the lambda-indexed form is what the composition step needs and the tree uses it there -- Division.lean:3267 applies it at lambda = norm c, as the section doc at :3071 and :3241 says.
81IX|div_uwc_ball|Theses/A/VN/Division.lean|ok|faithful|810.90 first map, ULTRAWEAKLY, on (A)_1 b -- the clause the erratum parsec-810.90 adds to the first map ('both ultrastrongly and ultraweakly continuous'), which had no declaration before. The lambda = 1 case of `div_uwc_ball_of_norm_le`, whose proof is vn.tex:5547 verbatim. Added 2026-08-26|new declaration: div_uwc_ball (Division.lean:3218) was added 2026-08-26 as the lambda = 1 case of div_uwc_ball_of_norm_le and had no row before, so there is no mismatch to record. Re-derived 2026-08-29: 81IX `div-usc` (vn.tex:5533) does state the first map to be 'both ultrastrongly and ultraweakly continuous', at vn.tex:5539; the ultrastrong half is div_usc_ball (Division.lean:2976) and this declaration is the ultraweak one. The reading comes from erratum parsec-810.90 (asols.tex:389), 'The map a maps to c-backslash-a/b is ultraweakly, but in general not (as printed) ultrastrongly, continuous, while a maps to a/b is both', and vn.tex has carried it since the author's ruling of 2026-08-17, commit 3b4ba57.
81IX|suppProj_one|Theses/A/VN/Division.lean|ok|none|auxiliary, not a transcription|left-benign: an auxiliary with no printed proof for the proof column to diverge from, and it is still consumed. Re-derived 2026-08-29: suppProj_one is at Division.lean:3224 and its one consumer, ldiv_one (:3231), calls it at :3232. EARLIER RECORD, kept: the field opened with the word KEPT, which is not one of the verdicts.
81IX|ldiv_one|Theses/A/VN/Division.lean|ok|none|auxiliary, not a transcription|left, now unconsumed: `div_uwc`'s first conjunct used to be read off `div_uwc_corner` at c = 1 and this identity was what made that legal. Since the 2026-08-26 repair the first conjunct is `div_uwc_ball`, which is the thesis's order (the SECOND map reduces to the first, not the other way round), so 1\a = a is no longer used. Kept: it is three lines and its doc records the specialisation.
81IX|div_uwc_corner|Theses/A/VN/Division.lean|ok|faithful|810.90 second map as corrected -- ultraweak continuity of a to c\a/b on c(A)_1 b. REPAIRED 2026-08-26: the proof is now the erratum's own (vn.tex:5563), c\x = (x*/c*)* by 81II.5 `division_basic_5` plus ultraweak continuity of the adjoint, composed with (.)/b on c(A)_1 b (which lands in c(A)_1 because (cdb)/b = cd floor(b))|repaired: on the thesis's route. The old status said the erratum's route was unavailable because the tree had the FIRST map only ultrastrongly; that was an incomplete reading -- the thesis's own argument for the first map (81V.2 uniform convergence of the partial sums, each ultraweakly continuous by 45IV) runs verbatim in the ultraweak topology once abs(omega x) <= omeganorm(x) times omega(1)^(1/2) (43I.1 `norm_apply_le_omegaNorm`) turns the uniform ultrastrong estimate into a uniform ultraweak one. That is the new `div_uwc_ball` / `div_uwc_ball_of_norm_le`. Dead limb closed: 81II.5 `division_basic_5` had ZERO consumers anywhere in the tree, precisely because this proof took the compactness route; it now has one. The compactness argument (77III `vn_ball_compact`) is retired to the section note. Axiom-clean in situ.
81IX|div_uwc|Theses/A/VN/Division.lean|ok|faithful|810.90 in its corrected form, both maps ultraweakly continuous. Together with `div_usc_ball` this is the whole of the corrected Lemma. REPAIRED 2026-08-26: the first conjunct is now `div_uwc_ball` (the thesis's 810.100 argument run ultraweakly) and the second is `div_uwc_corner` reduced to it exactly as the erratum directs, so both conjuncts are the printed proof. The printed second conjunct of the STATEMENT (ultrastrong continuity of c\a/b) is false and is deliberately not transcribed; the file's section note carries the counterexample, which vn.tex now also carries as 81XII|repaired: 81IX is on its own repaired proof in both halves. See the div_uwc_corner row for the expired reason.
82I|polar|Theses/A/VN/Division.lean|ok|none|820.10, the notation [a], defined as a/sqrt(a*a). Definition part of the Proposition
82I|sqrt_star_self_spec|Theses/A/VN/Division.lean|ok|none|auxiliary, not a transcription: the elementary facts about sqrt(a*a)
82I|polar_decomposition|Theses/A/VN/Division.lean|ok|faithful|820.10 main claim, existence AND uniqueness of u in A ceill(a) with a = u sqrt(a*a). The thesis gets both from 810.50 `douglas`; we get them from `exists_div`/`proto_douglas_1`, which is what 810.50 rests on — the same argument one lemma earlier
82I|rangeProj_mul_polar|Theses/A/VN/Division.lean|ok|faithful|not a transcription but the thesis's "and we get ceilr [a] <= ceilr a to boot", obtained here from 810.20 part 1 as the thesis obtains it
82I|polar_decomposition_1|Theses/A/VN/Division.lean|ok|faithful|820.10 part 1, all three claims. Proof follows 820.20: [a]*[a] = ceil(a*a) by mult-cancellation, hence a partial isometry by 790.40, then [a][a]* = ceilr a by the two inequalities the thesis gives
82I|polar_decomposition_2|Theses/A/VN/Division.lean|ok|faithful|820.10 part 2. Proof follows 820.20: sqrt(aa*) = [a] sqrt(a*a) [a]* by squaring, then a = sqrt(aa*)[a], then [a*] = [a]* by uniqueness of the polar decomposition of a*
83II|MvNLE|Theses/A/VN/Division.lean|ok|none|830.20 clause 3, taken as the definition of the Murray-von Neumann preorder
83II|vmleq|Theses/A/VN/Division.lean|ok|faithful|830.20 Proposition, all three equivalents in the thesis's order. Proof is 830.30: (3)->(2) clear, (2)->(1) via ea = a, (1)->(3) via the polar decomposition u = [ea]. Our redundant hypothesis `he'` is admitted as redundant in a proof comment
83IV|mvn_preorders|Theses/A/VN/Division.lean|ok|none|830.40 Exercise, both preorder laws for the projections. Exercise, no thesis proof
83V|cceil_sum|Theses/A/VN/Division.lean|ok|faithful|830.50 Lemma. Our statement adds pairwise orthogonality of the family explicitly, which the thesis's `sum` notation already carries. Proof is 830.60 step for step: Zorn for the maximal orthogonal family of non-zero projections Murray-von Neumann below e, the chain e_i = u_i* u_i <= ceil(u_i* e u_i) <= cceil e, then p = ceil(p cceil(e) p) = join over a of ceil(p ceil(a* e a) p) = join over a of ceil((eap)* eap) by 60IX.2 and 60VII.1, the polar decomposition of e a p, and the contradiction with maximality. ERRATA's `e` for `u* u` in the printed closing sentence is read as the erratum directs, and the ceiling the printed chain omits at its second step is supplied|repaired 2026-09-03: the middle step is now the printed one -- p = join over a of ceil(p ceil(a* e a) p) = join over a of ceil((eap)* eap), by 60IX.2 `ceil_conj_projSup` and 60VII.1 `ceil_fundamental_1` -- in place of the contrapositive through square roots that stood here (35 lines out, 24 in). ERRATA's second `gap of detail' for 830.60, that ceil(p ceil(c) p) = ceil(p c p) is not stated in the thesis, is wrong: it IS stated, as 60VII.1 `ceil-fundamental` (vn.tex:2905) at a = p, and the tree has had it as `ceil_fundamental_1` all along. ERRATA row 83V corrected accordingly.
84II|cstar_jacobson_eq_bot|Theses/A/VN/Division.lean|ok|none|auxiliary, not a transcription: input to the Wedderburn-Artin route
84II|matrix_exists_intertwiner|Theses/A/VN/Division.lean|ok|none|auxiliary, not a transcription: Skolem-Noether for matrix algebras, absent from Mathlib and absent from the thesis
84II|matrix_exists_algEquiv_conj|Theses/A/VN/Division.lean|ok|none|auxiliary, not a transcription
84II|central_idempotent_isSelfAdjoint|Theses/A/VN/Division.lean|ok|none|auxiliary, not a transcription
84II|MatProd|Theses/A/VN/Division.lean|ok|none|auxiliary abbreviation, not a transcription
84II|fdcstar|Theses/A/VN/Division.lean|ok|route|840.20 Theorem, "any finite-dimensional C*-algebra is a direct sum of full matrix algebras". Statement faithful, with the thesis's miu-isomorphism rendered as a star-algebra equivalence. The proof is expressly NOT the thesis's 840.30-840.60 (which first shows A is a von Neumann algebra, then reduces to a factor, then builds matrix units by hand): it takes Mathlib's Wedderburn-Artin and upgrades the algebra isomorphism to a star one. The whole of 840.40 `suprema-in-fdvna` — that a finite-dimensional C*-algebra is a von Neumann algebra — is therefore not transcribed anywhere|left-mathlib, re-derived 2026-09-03 from vn.tex 840.20-840.60 and the tree. fdcstar (Division.lean:4275) gets the decomposition from Mathlib's IsSemisimpleRing.exists_algEquiv_pi_matrix_of_isAlgClosed -- Artin-Wedderburn -- after cstar_jacobson_eq_bot, then upgrades the algebra isomorphism to a star one by hand through the conjugate-linear anti-automorphism J. The printed route instead shows the algebra is a von Neumann algebra (840.40 suprema-in-fdvna, vn.tex:5860, which still has NO declaration anywhere in Theses -- grepping the tree for the name finds only this row and the sources), then reduces to a factor by minimal central projections (840.50), then builds matrix units by hand (840.60). Costed today at 120-200 plus 80-120 plus 150-250 lines, far over the 150-line bound; none of it is needed for 840.20 itself, and the von Neumann structure is not what 840.20 is for.
84aI|puEqualiserF|Theses/A/VN/Division.lean|ok|none|84aI (cstar-no-pu-equalisers-example, vn.tex:6034, Example): the map f : C^4 -> C, f(a,b,c,d) = (a+b)/2, one of the two pu-maps the Example is about. A pu-map is rendered as everywhere else in the tree (20aI cstar_product_2_pu): a linear map together with IsPositiveMap and IsUnitalMap, which for f are the two rows below. Example, no thesis proof
84aI|puEqualiserG|Theses/A/VN/Division.lean|ok|none|84aI: the map g : C^4 -> C, g(a,b,c,d) = (c+d)/2. Example, no thesis proof
84aI|puEqualiserF_isPositiveMap|Theses/A/VN/Division.lean|ok|none|84aI: f is positive, so that it is a pu-map. Asserted by the Example without proof
84aI|puEqualiserG_isPositiveMap|Theses/A/VN/Division.lean|ok|none|84aI: g is positive, so that it is a pu-map. Asserted by the Example without proof
84aI|puEqualiserF_isUnitalMap|Theses/A/VN/Division.lean|ok|none|84aI: f is unital, so that it is a pu-map. Asserted by the Example without proof
84aI|puEqualiserG_isUnitalMap|Theses/A/VN/Division.lean|ok|none|84aI: g is unital, so that it is a pu-map. Asserted by the Example without proof
84aI|effectPUMap|Theses/A/VN/Division.lean|ok|none|auxiliary, not a transcription: the pu-map C^2 -> D determined by an effect a of D, namely (z,w) maps to z a + w (1-a). This is the correspondence "pu-maps C^2 -> D are the effects of D" that the Example uses twice, once to see that the range of a would-be equaliser is the whole set-theoretic equaliser and once for the Example's "equalisers are mono"
84aI|effectPUMap_apply|Theses/A/VN/Division.lean|ok|none|auxiliary, not a transcription: the defining formula of effectPUMap
84aI|effectPUMap_isUnitalMap|Theses/A/VN/Division.lean|ok|none|auxiliary, not a transcription: effectPUMap a is unital, a + (1-a) being 1
84aI|nonneg_smul_nonneg|Theses/A/VN/Division.lean|ok|none|auxiliary, not a transcription: a positive complex multiple of a positive element is positive, i.e. 9X.1 cstar_positive_1 for a complex scalar that is positive and hence real
84aI|effectPUMap_isPositiveMap|Theses/A/VN/Division.lean|ok|none|auxiliary, not a transcription: effectPUMap a is positive for an effect a
84aI|proj_effect|Theses/A/VN/Division.lean|ok|none|auxiliary for the printed route of 84aI, not a transcription: a projection is an effect, p being p* p and 1 - p being (1-p)* (1-p)
84aI|proj_absorb|Theses/A/VN/Division.lean|ok|none|auxiliary for the printed route of 84aI, not a transcription: if two positive elements sum to twice a projection p then each is absorbed by p. Conjugating x + y = p + p by the complement of p kills the right-hand side, so the two positive terms of the left-hand side vanish, whence sqrt(x) (1-p) = 0 by the C*-identity and x (1-p) = 0. The workhorse of proj_midExtreme
84aI|proj_midExtreme|Theses/A/VN/Division.lean|ok|none|auxiliary for the printed route of 84aI, not a transcription: a projection is an extreme point of the effects, in the midpoint form of extremality used throughout (y + z = x + x forces y = x, the thesis's notion on a convex set). This is what makes the eight projections of E eight vertices of the cube [0,1]_E in the thesis's count
84aI|octahedron_vertex|Theses/A/VN/Division.lean|ok|none|auxiliary for the printed route of 84aI, not a transcription: an extreme point of the octahedron S cap [0,1] has 0/1 coordinates. Were one coordinate strictly inside (0,1) a second would be too, three sharp coordinates making the fourth sharp by the defining equation, and then x +- eps(e_i +- e_j), with the sign fixed so that the direction satisfies the equation, stays inside. This is the thesis's 'S cap [0,1] being an octahedron has six extreme points', in the direction the contradiction needs
84aI|IsSharpEqualiser|Theses/A/VN/Division.lean|ok|none|auxiliary for the printed route of 84aI, not a transcription: the 0/1 points of the set-theoretic equaliser S, as Boolean vectors, so that they can be counted by decide
84aI|card_isSharpEqualiser|Theses/A/VN/Division.lean|ok|none|auxiliary for the printed route of 84aI, not a transcription: there are six of them -- the six vertices of the octahedron
84aI|anonymous instance DecidablePred IsSharpEqualiser (no declaration name; Division.lean:4706)|Theses/A/VN/Division.lean|ok|none|auxiliary for the printed route of 84aI, not a transcription: decidability of IsSharpEqualiser, so that card_isSharpEqualiser is a decide
84aI|cstar_no_pu_equalisers_example|Theses/A/VN/Division.lean|ok|faithful|84aI (cstar-no-pu-equalisers-example, vn.tex:6034, Example): the pu-maps f, g : C^4 -> C given by f(a,b,c,d) = (a+b)/2 and g(a,b,c,d) = (c+d)/2 have no equaliser in CStar_pu -- the claim made at the start of thesis A, 20aIII (cstar-no-pu-equalisers, cstar.tex:3073). CStar_pu is not bundled as a category (cf. 47II), so the universal property is spelt out in the statement, exactly as 84bV ha_equalisers spells out the two W* ones: an equaliser would be a C*-algebra E with a pu-map e : E -> C^4 equalising f and g through which every pu-map h : D -> C^4 equalising f and g factors uniquely by a pu-map, and the theorem is that there is no such E, e. The universe is Type, where C^4 and the C^2 the proof uses both live. THE THESIS'S OWN PROOF (vn.tex:6034-6115), step for step. The range of e is the set-theoretic equaliser S and e is injective, both from the universal property applied to C^2 (effectPUMap, the thesis's p with p(1,0) = v, and its 'equalisers are mono'); so e is a linear isomorphism of E onto S = ker(f - g) and E is 3-dimensional; 84II fdcstar then presents E as a sum of matrix blocks with the sum of the squares of the sizes equal to 3, so exactly three blocks are 1x1 and the rest 0x0 -- the thesis's 'E is miu-isomorphic to C^3' -- and the eight vertices of the cube [0,1]_E are the eight projections of E, one for each choice of a subset of the three blocks; a projection is an extreme point of the effects and e carries extreme points of [0,1]_E to extreme points of S cap [0,1], since every effect of S is e of an effect and e is injective and linear; and the octahedron S cap [0,1] has only 0/1 points among its extreme points, of which S contains six. Eight distinct points landing among six is the thesis's contradiction. Two rendering notes, both in the doc comment: extremality is used in its midpoint form (y + z = x + x forces y = x), which on a convex set is the thesis's notion; and the two counts are used only in the directions the contradiction needs, at least eight on the cube side and at most six on the octahedron side, so the eight projections are not shown to exhaust the extreme points of [0,1]_E and no miu-isomorphism E -> C^3 is built, the block sizes from fdcstar being enough to exhibit the eight|repaired 2026-09-03: put onto the printed route, replacing the substitute argument that reached the same contradiction without the classification and without extreme points (the earlier costing of 320-470 lines was in the right range; the actual cost was 447 added and 186 removed lines, +261 net for the parsec, and the line bound was lifted for this round). What the printed route needed, all of it new and none of it in the tree before: range e = ker (puEqualiserF - puEqualiserG) and finrank E = 3, through FiniteDimensional.of_injective, LinearEquiv.ofInjective and LinearMap.finrank_range_add_finrank_ker on a surjective f - g; the block count from 84II fdcstar with Module.finrank_pi_fintype and Module.finrank_matrix forcing the sum of the squares to be 3, hence every block 0x0 or 1x1 and exactly three of the latter; the eight projections as the 0/1 choices per block, told apart by the trace of a block; proj_midExtreme, a projection is an extreme point of the effects, by conjugating x + y = p + p with p and with its complement; the transport of extreme points along e, which needs only the first two steps; and octahedron_vertex, an extreme point of S cap [0,1] has 0/1 coordinates -- were one coordinate interior a second would be too, three sharp coordinates making the fourth sharp, and then x +- eps(e_i +- e_j) with the sign fixed by the defining equation stays inside. Mathlib's Set.extremePoints is not used: extremality appears in its midpoint form, which is what both counts need. Compiles clean, exit 0, no new warnings
84bII|HereditarilyAtomic|Theses/A/VN/Division.lean|ok|none|842.20 Definition. The thesis's nmiu-isomorphism is rendered as a star-algebra equivalence (automatic normality), and M_{N_i} as M_{N_i+1} to keep summands nontrivial, which loses nothing. The two full subcategories named in the same point are not bundled, as the doc says
84bV|VNSub|Theses/A/VN/Division.lean|ok|none|infrastructure, not a transcription: a von Neumann subalgebra bundled as an algebra. Moved here from NormalFunctionals.lean in session 79; the section note in each file records the move accurately, and no doc comment in the block went stale in the move
84bV|valAddHom|Theses/A/VN/Division.lean|ok|none|infrastructure, not a transcription
84bV|valNonUnitalRingHom|Theses/A/VN/Division.lean|ok|none|infrastructure, not a transcription
84bV|sqrt_mem|Theses/A/VN/Division.lean|ok|none|infrastructure, not a transcription
84bV|saMap|Theses/A/VN/Division.lean|ok|none|infrastructure, not a transcription
42V|isLUB_saMap_image|Theses/A/VN/Division.lean|ok|none|infrastructure: 42V part 4 (suprema in a von Neumann subalgebra are computed as in the ambient algebra) transported to the bundled `VNSub`. 42V itself is audited in avn-basic
84bV|restrictNP|Theses/A/VN/Division.lean|ok|none|infrastructure, not a transcription
83V|cceil_sum_relative|Theses/A/VN/Division.lean|ok|none|not a fresh transcription: 830.50 applied inside a von Neumann subalgebra, which is how the thesis uses it at 890.100. Proof runs `cceil_sum` inside the bundled `VNSub`, machinery the thesis does not have and does not need|left: not a thesis statement -- 830.50 run inside the bundled VNSub, which is how 890.100 uses it. -- 2026-08-26 A/VN route pass: RECLASSIFIED route -> none, reason 1. Not a thesis statement -- 830.50 run inside the bundled VNSub, which is how vn.tex 890.100 uses it; the thesis has no relative statement and so no relative argument.
84bIII|lpProj|Theses/A/VN/Division.lean|ok|none|auxiliary, not a transcription: the coordinate projection pi_j of 842.40
84bIII|starAlgHom_nonneg₂|Theses/A/VN/Division.lean|ok|none|auxiliary, universe-polymorphic restatement
84bIII|starAlgHom_mono₂|Theses/A/VN/Division.lean|ok|none|auxiliary, universe-polymorphic restatement
84bIII|preservesDirSups_comp₂|Theses/A/VN/Division.lean|ok|none|auxiliary, universe-polymorphic restatement
84bIII|finiteDimensional_cstarMatrix|Theses/A/VN/Division.lean|ok|none|auxiliary, not a transcription
84bIII|cstarMatrixCongr|Theses/A/VN/Division.lean|ok|none|auxiliary, not a transcription
84bIII|hereditarilyAtomic_subalgebra|Theses/A/VN/Division.lean|ok|faithful|842.30 Proposition. `Von Neumann subalgebra of A` is rendered, as everywhere in this tree, as an injective nmiu-map into A. The proof is 842.40: the central projections d_i = carrier of pi_i composed with the inclusion, central by 69IV `carrier-miu`, with the printed conclusion that the d_i join to 1 in the equivalent separating form (d_i b = 0 for every i forces b = 0); the corner d_i B, built as a type by 67IV.1 `CentralProj.sub`, finite-dimensional because pi_i composed with e is injective on it; a maximal orthogonal family (c_j) of non-zero central projections each below some d_k, by Zorn, which joins to 1 because otherwise the central support of an element the family kills would meet some d_i in a further non-zero central projection to add to it; and each c_j B finite-dimensional, being a corner below a d_k. The proof follows 842.40 throughout, closing with 67IV.2 `central_projections_sums_2_iso`. Two renderings: the join of the d_i is carried in the equivalent separating form (d_i b = 0 for every i forces b = 0) and derived from injectivity of the embedding rather than from ceil(pi_j) below d_j with the sum of the ceil(pi_i) equal to 1; and the finite-dimensionality argument is applied not to d_i B but directly to each central projection below a d_i, which is where 842.40 uses it|repaired 2026-09-04: the assembly is now the printed one -- 67IV.2 central_projections_sums_2_iso on the maximal family (c_j) gives B nmiu-isomorphic to the direct sum of the corners c_j B, each hereditarily atomic because finite-dimensional, and so is that sum. 177 added and 148 removed lines, compile exit 0, no new warnings. What the printed route needed, both new and private in Division.lean: hereditarilyAtomic_finiteDimensional (84II fdcstar presents a finite-dimensional algebra as a finite product of matrix algebras, with the dimension-0 blocks dropped because 84bII's summands are M_{N+1} and Mathlib's lp needs them nontrivial), and hereditarilyAtomic_lpSum, the flattening of a sum of sums into the sum over the sigma-type of pairs, both directions by 20aI cstar_product_2_miu with the composites identity coordinatewise. The earlier costing called that reindexing something nothing in the tree does; it is A/Proc/QuantumLambda's hereditarilyAtomic_lp (downstream, for nmiu-maps) and at C*-level costs 64 lines. The block machinery of the abandoned refinement route (exists_blocks, block_minimal and their auxiliaries, section HABlocks) is now unused; it was left in place, since other docs name it, and its section comment records that 84bIII no longer consumes it.
84bV|ha_equalisers|Theses/A/VN/Division.lean|ok|none|842.50 Corollary. The thesis asserts TWO things: that E = {a : f a = g a} is hereditarily atomic, AND that the inclusion e is an EQUALISER of f and g both in haW*_miu and in haW*_cpsu. We state only the first, plus the identification of the range with the set-theoretic equaliser; no universal property is stated, in either category. The doc comment nonetheless says "whose inclusion is the equaliser of f and g in haW*_miu and haW*_cpsu", which the statement does not deliver. Corollary with no thesis proof|repaired: in place (e58c60e) — the statement now carries the equaliser property in BOTH categories — a full universal property for every hereditarily atomic `D` and nmiu- (resp. ncpsu-) map `h` equalising `f` and `g`, `∃! m` factoring through `e`. Read and checked; it is 47V's `vn_equalisers_miu`/`_cpsu` restricted to the full subcategories. -- 2026-08-26 A/VN stmt pass: RECLASSIFIED weaker -> ok, reason 4. The repair was IN PLACE and re-read at Division:5412: the statement carries the full universal property in BOTH categories -- for every hereditarily atomic D and every nmiu- (resp. ncpsu-) map h equalising f and g, a unique mediating m factoring through e -- beside the hereditary atomicity and the range identification. Axiom-clean in situ.
86II|pfc_aux|Theses/A/VN/NormalFunctionals.lean|ok|none|auxiliary, not a transcription: the computation behind the trick in 860.50
86II|pfc_key|Theses/A/VN/NormalFunctionals.lean|ok|faithful|not a transcription but the normalized case of 860.20's hard direction, extracted. Our argument is 860.50 verbatim — the reduction of Re f(a) via f(a-perp), then b_n = (a - Re f(a)) + n i Im f(a) and the estimate (2n+1) Im f(a)^2 <= norm(a - Re f(a))^2
86II|positive_functional_criterion|Theses/A/VN/NormalFunctionals.lean|ok|faithful|860.20 Lemma, "f is positive iff norm f <= f(1)", on a C*-algebra (no von Neumann hypothesis in scope here, matching the thesis). The thesis writes "a linear map" but then writes norm f, so boundedness is presupposed; ours takes a continuous linear map. Both directions proved as at 860.40 and 860.50 — the concrete proof of the easy direction, not the cited cp-russo-dye shortcut
86VI|vbep_norm|Theses/A/VN/NormalFunctionals.lean|ok|none|auxiliary, not a transcription: the C*-identity computation used in 860.80
86VI|vn_ball_extreme_point|Theses/A/VN/NormalFunctionals.lean|ok|faithful|860.60 Lemma, both conclusions. "u is a partial isometry" is rendered as "u*u is a projection", which is what the thesis's own proof says it suffices to show, and which 790.40 makes equivalent — the equivalence is not invoked here because `IsPartialIsometry` needs the von Neumann hypothesis and 86VI is a C*-statement. Proof is 860.80: the functional-calculus element a with 0 <= a <= u*u forcing ua = 0, then the (u pm a) estimate. 860.70 (the converse remark) is explicitly not converted, as the doc says
86IX|norm_starProjection_le_one|Theses/A/VN/NormalFunctionals.lean|ok|none|auxiliary, not a transcription
86IX|ultraweak_isTopologicalAddGroup|Theses/A/VN/NormalFunctionals.lean|ok|none|infrastructure for Krein-Milman, not a transcription
86IX|ultraweak_continuousSMul|Theses/A/VN/NormalFunctionals.lean|ok|none|infrastructure for Krein-Milman, not a transcription
86IX|ultraweak_locallyConvexSpace|Theses/A/VN/NormalFunctionals.lean|ok|none|infrastructure for Krein-Milman, not a transcription
86IX|exists_extremePoint_max|Theses/A/VN/NormalFunctionals.lean|ok|faithful|not a transcription but 860.110's first paragraph as a lemma: the image of the ultraweakly compact unit ball has a largest value, the face F is ultraweakly compact and convex, Krein-Milman gives an extreme point of F, and F being a face makes it extreme in the ball
86IX|posFunctional_mul_eq_zero|Theses/A/VN/NormalFunctionals.lean|ok|none|auxiliary, not a transcription: the Cauchy-Schwarz consequence that replaces the thesis's circular appeal to 63I `carrier-fundamental` in 860.110. Recorded in ERRATA as a defect of the printed proof of 86IX
44XV|preservesDirSups_of_continuousOn_effects_functional|Theses/A/VN/NormalFunctionals.lean|ok|none|not a transcription: 44XV (2) implies (3) instantiated at the scalars. 44XV itself is audited in avn-basic
86IX|polar_decomposition_of_functional|Theses/A/VN/NormalFunctionals.lean|ok|faithful|860.90 Theorem, all four conclusions in the thesis's shape (f = f(uu*(.)) = f((.)u*u), and f(u(.)), f((.)u) positive). Proof is 860.110 step for step: extreme point where the norm is attained, 86VI, 86II for positivity of both functionals, the carrier step f(ubu*u) = f(ub) by 63VI `carrier-fundamental`, and the (uu*)-perp A (u*u)-perp = 0 expansion. The normality of f(u(.)) that the carrier needs, which the thesis does not supply at this point, is proved here by 860.130's own argument|repaired 2026-09-04: the printed carrier step is back, at 60 net lines. ERRATA.md 86X objects that 63VI is stated for an np-map and that the normality of f(u(.)) is only established in 860.130, the proof of the NEXT point -- but that argument uses 86IX only to PRODUCE a partial isometry, and inside 86IX the partial isometry u is already in hand, so it can be run here without circularity: a -> ua is ultraweakly continuous (45IV mult-uws-cont) and maps the effects into the unit ball, and a positive functional ultraweakly continuous on the effects is normal (44XV). That is npFunctional_of_ball_comp; the carrier of the resulting np-functional lies below u*u because u(u*u)-perp = 0, and npFunctional_mul_proj turns 63VI into the printed f(ubu*u) = f(ub). The dual half f(uu*bu) = f(bu), the thesis's 'by a similar reasoning', is the same with a -> au. The earlier Cauchy-Schwarz shortcut posFunctional_mul_eq_zero is no longer used by 86IX; the declaration is kept, since ERRATA.md 86X names it as the repair available to a reader who does not want the normality.
63VI|npFunctional_mul_proj|Theses/A/VN/NormalFunctionals.lean|ok|faithful|Private auxiliary of the 86IX conversion: 63VI (`carrier-fundamental`) in the form 86IX uses it: from `⌈ω⌉ ≤ p` for a projection `p` one gets `ω(bp) = ω(b)` and `ω(pb) = ω(b)` for every `b`, since `p⌈ω⌉ = ⌈ω⌉ = ⌈ω⌉p`.|row added 2026-09-04 with the 86IX conversion.
86XII|uwcont_on_ball|Theses/A/VN/NormalFunctionals.lean|ok|faithful|860.120 Corollary. Our proof is 860.130: 86IX supplies u with f = f(uu*(.)) and f(u(.)) positive, the positive functional is normal because it is ultraweakly continuous on the effects (44XV), and f is then the composite of it with left multiplication by u*
86XIV|functional_norm|Theses/A/VN/NormalFunctionals.lean|ok|faithful|860.140 Lemma, exactly as printed including all three hypotheses. Proof is the thesis's 860.150 chain norm f = norm f(uu*(.)) <= norm f(u(.)) norm(u*) = f(u) <= norm f, with the step the thesis credits to `cp-russo-dye` taken through 86II `positive_functional_criterion`, whose forward direction IS 34XVI `cp_russo_dye` applied to that same functional|repaired 2026-09-03, mild -> faithful, re-derived from vn.tex:6488-6503 and the tree; the row had stood at mild on the ground that cp-russo-dye was replaced. It is not replaced. The chain is the printed one line for line -- hfg is norm f <= norm g for g = f(u(.)) using norm(star u) <= 1, hle is norm g <= Re f(u) from 86II, hrev is Re f(u) <= norm f -- and 86II's forward direction is `cp_russo_dye` (A/CStar/Matrices.lean:3236) through `cp_commutative_cod`, so the printed citation is carried one level down rather than bypassed. Only the <= half of the printed equality norm f(u(.)) = f(u) is used by the chain, which is exactly what 86II supplies.
87I|predual|Theses/A/VN/NormalFunctionals.lean|ok|none|870.10 Definition, the ultraweakly continuous functionals, as a subset of the continuous dual rather than a bundled normed space. 870.20 (Sakai) is explicitly not converted, as the doc says and as the thesis says is not needed
87III|predual_complete|Theses/A/VN/NormalFunctionals.lean|ok|faithful|870.30 Proposition. Our proof is 870.40: the norm limit exists in the continuous dual, and is ultraweakly continuous on the unit ball because it is there a uniform limit of the ultraweakly continuous f_n, whence ultraweakly continuous by 86XII. The thesis phrases the uniformity as the two-term estimate on a net; the content is the same
87VI|norm_predual|Theses/A/VN/NormalFunctionals.lean|ok|faithful|870.60 Lemma. Our proof is 870.70: polar decomposition a = [a] sqrt(a*a), norm a = norm sqrt(a*a) = sup over npu-maps, and omega(sqrt(a*a)) = omega([a]* a) = f(a) with f = omega([a]*(.)). The Cauchy-Schwarz estimate showing norm f <= 1 is supplied here, which the thesis asserts
87VIII|ultraweakly_bounded_implies_bounded|Theses/A/VN/NormalFunctionals.lean|ok|faithful|870.80 Theorem. Statement faithful, with the thesis's net replaced by a family indexed by an arbitrary type. The proof is 870.90's: `f -> f(b_alpha)` is a bounded functional on the predual with norm equal to the norm of b_alpha (87VI `norm_predual`), the predual is complete (87III `predual_complete`), and 72XI `luws` splits an f in the predual into four np-functionals so that ultraweak boundedness gives pointwise boundedness; uniform boundedness (35II `pub`, cstar.tex:6015) then applies.|repaired: the Banach-Steinhaus-on-H detour and the 'both still sorry' justification for it are gone, and the proof has been 870.90's since the session-94 pass. RE-DERIVED 2026-08-29, AND THE NOTE CARRIED A WRONG CITATION. ultraweakly_bounded_implies_bounded is at A/VN/NormalFunctionals.lean:1022 and does run the thesis's ingredients: 87VI norm_predual at :1072, 87III predual_complete at :1026, 72XI luws at :1044. But the principle of uniform boundedness is 35II `pub` (cstar.tex:6015); 11II is `geometric` (cstar.tex:1404), the geometric series, and has nothing to do with this proof. The note above is corrected here. THE SAME WRONG NUMBER IS STILL IN THE LEAN SOURCE, in the comment at A/VN/NormalFunctionals.lean:1067, and is left for whoever next edits that file, this pass being CSV-only. EARLIER RECORD, kept: the field opened with 'row was stale', which reads back as the category `row`.
88II|commutantCeil|Theses/A/VN/NormalFunctionals.lean|ok|none|880.20, the notation ceil(e)_{S-square} as the join of ceil(a* e a) over S
88II|commutant_ceil|Theses/A/VN/NormalFunctionals.lean|ok|faithful|880.20 Proposition, with the thesis's exact hypotheses on S (closed under multiplication and involution, contains 1 -- deliberately NOT closed under addition). Proof is 880.30: the chain ceil(b* p b) = join over a in S of ceil(b* ceil(a* e a) b) = join of ceil((ab)* e (ab)) <= p by 60IX.2 and 60VII.1, then the conjugation by p-perp giving (p b p-perp)* (p b p-perp) = 0 and so p b p = p b, then b p = p b p by starring, then the minimality argument from e <= q in the commutant|repaired 2026-09-03: p b p = p b now comes from the printed conjugation by p-perp -- (b* p b) p-perp = 0 out of ceil(b* p b) <= p, hence (p b p-perp)* (p b p-perp) = 0 and p b p-perp = 0 -- in place of the support-projection shortcut suppProj(p b) <= p that stood here. The printed WLOG norm b <= 1 is not needed: the chain already delivers ceil(b* p b) <= p, which absorbs p-perp directly, so no normalisation of b (which S, not being closed under scalars, would not admit) is required.
88II|ketbra_self_eq_smul_starProjection|Theses/A/VN/NormalFunctionals.lean|ok|none|auxiliary, not a transcription
88II|ketbra_self_nonneg|Theses/A/VN/NormalFunctionals.lean|ok|none|auxiliary, not a transcription
88II|ketbra_conj_self|Theses/A/VN/NormalFunctionals.lean|ok|none|auxiliary, not a transcription
88IV|exists_cyclic_projection|Theses/A/VN/NormalFunctionals.lean|ok|none|auxiliary: the projection onto the cyclic subspace, which is 880.40 item 4 as an object rather than as an identification. Exercise, no thesis proof
88IV|carrier_vector_state, carrier_vector_state_1, carrier_vector_state_2|Theses/A/VN/NormalFunctionals.lean|ok|none|COVERED (2026-08-27 stmt-class pass): the point IS fully stated in the tree; the status field says which declaration carries which clause. The original finding, taken against the named declaration alone, follows. 880.40 Exercise asks that FOUR things coincide. We state that item 1 equals item 3, and that item 1 is the projection onto closure(Sx) (item 4). Item 2 — the carrier of the vector functional x restricted to S-square — is not stated; the doc comment says it is "subsumed by the IsLeast formulation", but the relative carrier is a different object and no declaration mentions it. Exercise, no thesis proof. Item map, re-derived 2026-09-04 by the multi-clause pass against vn.tex:6741-6763 (this supersedes the sentence above that says item 2 is not stated): item 1 is `carrier_vector_state_1` (NormalFunctionals.lean:1361), item 2 `carrier_vector_state_2` (:1382), items 3 and 4 the two conjuncts of `carrier_vector_state` (:1299), and the closing `Conclude` `carrier_vector_state'` (:1440, its own row below). The seven items the clause census counts for this DISP are these four plus the three of the nested 88V `proto-double-commutant`, which have their own rows|repaired: item 2 is `carrier_vector_state_2` (`A/VN/NormalFunctionals`:1380, e58c60e) — the relative carrier rendered by its defining `IsLeast` property inside `S^□` (least projection OF `S^□` with `⟨x,(1-p)x⟩ = 0`), as 88IX `commutant_cceil` renders the relative central carrier, and shown equal to `commutantCeil ... ⌈∣x⟩⟨x∣⌉`. All four items now coincide on record. -- 2026-08-26 A/VN stmt pass: repair VERIFIED. carrier_vector_state_2 (NormalFunctionals:1363) states item 2, the RELATIVE carrier inside S-square, by its defining IsLeast property, and identifies it with commutantCeil ... (ceil (ketbra x x)) -- so all four items of the exercise now coincide on record. Axiom-clean in situ. stmt stays `weaker` for the named declaration.  2026-08-27 stmt-class pass: RECLASSIFIED weaker -> ok under the `stmt` convention now written into docs/STATEMENT-AUDIT.md (a row grades the POINT, not the named declaration in isolation). Re-read vn.tex:6741-6763. The Exercise names four things (items at :6748, :6752, :6757, :6759) and closes with a "Conclude" (:6762). Items 3 and 4 are the two conjuncts of this declaration (NormalFunctionals:1280); item 2, the RELATIVE carrier inside S-square, is carrier_vector_state_2 (:1363), and it really is relative and not a relabelling of item 1 -- it is IsLeast over the projections OF S-square killing x, which is carrier_spec (Projections:3428) read inside S-square; the "Conclude" is carrier_vector_state (row 160). 2026-08-29 negation pass: the last residue is CLOSED and this row is REPAIRED. Item 1, the least projection IN S-square above ceil(ketbra x x), used to be reachable only by instantiating 88II commutant_ceil (:1097) at e = ceil (ketbra x x); it is now stated in its own right as carrier_vector_state_1 (NormalFunctionals:1284), which IS that instantiation and whose three hypotheses a StarSubalgebra satisfies. Compiled clean 2026-08-29. Re-derived at the same time, against vn.tex:6741-6763 and the source: the Exercise still names four items and a Conclude; carrier_vector_state (:1300) carries items 3 and 4, carrier_vector_state_2 (:1383) item 2 (the RELATIVE carrier, IsLeast over the projections OF S-square killing x, and really relative rather than a relabelling of item 1), carrier_vector_state' (:1441) the Conclude, and all four items are the one projection commutantCeil S (ceil (ketbra x x)). The 2026-08-27 pass's line numbers are all twenty lines lower than they now read, twenty being the length of the new declaration. lean_name extended twice.
88IV|carrier_vector_state'|Theses/A/VN/NormalFunctionals.lean|ok|none|880.40's closing "conclude that closure(S-square-square x) = closure(S x)". Exercise, no thesis proof
88V|amp_memLp|Theses/A/VN/NormalFunctionals.lean|ok|none|infrastructure for the amplification, not a transcription
88V|ampLM|Theses/A/VN/NormalFunctionals.lean|ok|none|infrastructure, not a transcription
88V|ampLM_apply|Theses/A/VN/NormalFunctionals.lean|ok|none|infrastructure, not a transcription
88V|ampLM_norm_le|Theses/A/VN/NormalFunctionals.lean|ok|none|infrastructure, not a transcription
88V|amp|Theses/A/VN/NormalFunctionals.lean|ok|none|880.50 item 1's map rho-prime, as an object. Definition, no thesis proof|repaired 2026-08-29: the note said 'the item's two CLAIMS about it are not stated'. BOTH ARE STATED, and were read in situ today. The sum-of-corners claim is amp_eq_sum_corners (NormalFunctionals.lean:1670), which gives it as a HasSum over the single-coordinate compressions - strongly, pointwise on the direct sum, which is the only sense it can have, since in norm it does not converge even for t = 1. The functional claim is proto_double_commutant_1 (:1688): for every np-functional omega there is x' in the square-summable direct sum with omega t = the inner product of x' with amp t x', which is 88II bh_np's decomposition omega = sum of the vector states at x_n. So the row recorded a gap that the file does not have; only the DEFINITION carries no thesis proof, which is what the proof column already said
88V|amp_apply|Theses/A/VN/NormalFunctionals.lean|ok|none|infrastructure, not a transcription
88V|lp_clm_ext|Theses/A/VN/NormalFunctionals.lean|ok|none|infrastructure, not a transcription
88V|amp_star|Theses/A/VN/NormalFunctionals.lean|ok|none|infrastructure, not a transcription
88V|ampHom|Theses/A/VN/NormalFunctionals.lean|ok|none|infrastructure, not a transcription
88V|ampHom_apply|Theses/A/VN/NormalFunctionals.lean|ok|none|infrastructure, not a transcription
88V|amp_single|Theses/A/VN/NormalFunctionals.lean|ok|none|infrastructure, not a transcription
88V|ampCorner|Theses/A/VN/NormalFunctionals.lean|ok|none|infrastructure, not a transcription: the corner P_n a P_m*
88V|ampCorner_apply|Theses/A/VN/NormalFunctionals.lean|ok|none|infrastructure, not a transcription
88V|ampCorner_mem_commutant|Theses/A/VN/NormalFunctionals.lean|ok|none|880.50's hint, "first show P_n a P_m* in S-square for a in rho-prime(S)-square". Exercise, no thesis proof
88V|amp_mem_double_commutant|Theses/A/VN/NormalFunctionals.lean|ok|none|880.50 item 2 first half, "show that rho-prime(t) in rho-prime(S)-square-square for t in S-square-square". Exercise, no thesis proof
65III|star_mem_commutant_of_starSubalgebra|Theses/A/VN/NormalFunctionals.lean|ok|none|not a transcription: the star-closedness clause of 65III `commutant_basic_3'` for a star subalgebra. 65III is audited in avn-projections
88VI|wstar_eq_of_isVNSubalgebra|Theses/A/VN/NormalFunctionals.lean|ok|none|auxiliary, not a transcription
88V|proto_double_commutant, proto_double_commutant_1, amp_eq_sum_corners|Theses/A/VN/NormalFunctionals.lean|ok|none|COVERED (2026-08-27 stmt-class pass): the point IS fully stated in the tree; the status field says which declaration carries which clause. The original finding, taken against the named declaration alone, follows. 880.50's item 3, "deduce that S-square-square is contained in the ultrastrong closure of S" — the clause 88VI needs, and faithful as far as it goes. But 880.50 item 1 is a claim in its own right and is not stated anywhere: that an np-map omega on B(H) satisfies omega(t) = inner(x', rho-prime(t) x'), and that rho-prime(t) = sum_n P_n* t P_n. The doc comment says "the enumerated items are steps of the proof, not converted separately"; item 2's two halves ARE converted (as the two lemmas above), item 1 is not. Exercise, no thesis proof|repaired: item 1's two halves are `proto_double_commutant_1` (:1685) and `amp_eq_sum_corners` (:1668), both e58c60e — `ω(t) = ⟨x', ρ'(t)x'⟩` for an `x' ∈ ⊕ₙ H` assembled from 39IX's sequence, and `ρ'(t) = ∑ₙ Pₙ* t Pₙ` as a `HasSum` (strong convergence, the only sense it has). Read and checked. -- 2026-08-26 A/VN stmt pass: repair VERIFIED. Item 1's two halves are proto_double_commutant_1 (NormalFunctionals:1668), omega(t) = <x', rho'(t) x'> for an x' in the l^2 direct sum, and amp_eq_sum_corners (:1650), rho'(t) = sum_n P_n* t P_n as a HasSum -- strong convergence, the only sense the identity has. Both axiom-clean in situ. stmt stays `weaker` for the named item-3 declaration.  2026-08-27 stmt-class pass: RECLASSIFIED weaker -> ok under the `stmt` convention now written into docs/STATEMENT-AUDIT.md (a row grades the POINT, not the named declaration in isolation). Re-read vn.tex:6764-6806, all three items. Item 1 first half, omega(t) = <x', rho'(t) x'>, is proto_double_commutant_1 (NormalFunctionals:1668), existential in x' rather than the thesis's named x', which is faithful; item 1 second half, rho'(t) = sum_n P_n* t P_n, is amp_eq_sum_corners (:1650) as a HasSum on the l^2 direct sum, i.e. strong convergence, the only sense the identity has. Item 2 is amp_mem_double_commutant (:1592, row 175) with the hint's P_n a P_m* in S-square as ampCorner_mem_commutant (:1576, row 174); its two trailing "Conclude"/"Whence" sentences are not separate declarations but the "whence" is literally what mem_usClosure_iff (Completeness:2265) unfolds item 3 into. Item 3 is this declaration (:1695). 2026-08-29 negation pass: this row is REPAIRED and carries no residue of its own -- all three items of 880.50 are stated, and the 2026-08-27 finding survived re-derivation against vn.tex:6764-6806 and against the source, with only the line numbers moved (carrier_vector_state_1, twenty lines, was added above them): amp_eq_sum_corners :1670, proto_double_commutant_1 :1688, ampCorner_mem_commutant :1596, amp_mem_double_commutant :1612, proto_double_commutant :1715. ONE OBSERVATION BELONGING TO ANOTHER ROW, kept here because it was found here: vn.tex:6779 calls rho' an nmiu-map, while ampHom (NormalFunctionals:1549) is a StarAlgHom whose normality is stated nowhere in the file. That belongs to ampHom's own row, which is row 180 of this file (88V ampHom, six fields, `infrastructure, not a transcription') -- NOT row 169, which the old field named and which is 88IV's exists_cyclic_projection. lean_name extended.
88VI|double_commutant|Theses/A/VN/NormalFunctionals.lean|ok|faithful|880.60 Double Commutant Theorem, all four objects identified. The thesis's S — a collection closed under addition, scalar multiplication, multiplication and involution containing 1 — is rendered as a `StarSubalgebra`, which is exactly that. Proof is 880.70's chain of four inclusions, the last by 88V
88VIII|centre_commutant|Theses/A/VN/NormalFunctionals.lean|ok|none|880.80 Exercise, Z(R) = Z(R-square) with both centres spelled out as intersections. Uses the thesis's hint (R-square-square = R by 88VI). Exercise, no thesis proof
88IX|isStarProjection_mul_of_comm_aux|Theses/A/VN/NormalFunctionals.lean|ok|none|auxiliary, not a transcription|renamed 2026-09-04, a public lemma of the same name having landed in Projections.lean the day before. 
88IX|commutant_cceil|Theses/A/VN/NormalFunctionals.lean|ok|none|880.90, "deduce that the central carrier of f relative to R equals the central carrier relative to R-square", rendered as a single projection that is least in both families — which also delivers the existence of the two relative central carriers. Exercise ("Deduce"), no thesis proof
89I|gns_mapping_property|Theses/A/VN/NormalFunctionals.lean|ok|faithful|890.10 Lemma, all three conclusions. NOTE ERRATA already records that the thesis's proof 890.20 writes "UU* = FF*" where it must write U*U = FF*; our statement has the two the right way round. Proof is 890.20: the unitary V between the two cyclic subspaces, U = E V F*, and the intertwining computed as the thesis computes it
89III|norm_sq_finset_sum_orthogonal|Theses/A/VN/NormalFunctionals.lean|ok|none|auxiliary, not a transcription
89III|summable_of_pairwise_orthogonal|Theses/A/VN/NormalFunctionals.lean|ok|none|auxiliary, not a transcription
89III|exists_sum_of_partial_isometries|Theses/A/VN/NormalFunctionals.lean|ok|none|auxiliary, not a transcription: the pointwise summation behind 890.40
89III|summing_partial_isometries|Theses/A/VN/NormalFunctionals.lean|ok|none|890.30-890.40 Exercise, the three deliverables (existence of V with inner(y, Vx) = sum inner(y, U_i x), V*V = sum U_i*U_i, VV* = sum U_i U_i*). The intermediate claims the exercise asks for (the Cauchy-Schwarz bound, the two square-summability estimates, and U_i*U_j = 0) are not stated separately, but each follows from what is stated. Our operators run H to K throughout and are internally consistent; the thesis is NOT — ERRATA already records that 890.40 declares U_i from H to K and then uses them as K to H, and swaps B(H) and B(K) in the same sentence. Exercise, no thesis proof
89V|sigma_weak_lemma_2|Theses/A/VN/NormalFunctionals.lean|ok|faithful|890.50 Lemma. The thesis's conclusion has TWO symmetric halves — U*U is a projection in pi(A)-square with relative central carrier pi(sum cceil omega), AND UU* is a projection in rho(A)-square with relative central carrier rho(sum cceil omega). Only the U*U half is stated. The doc comment says "and symmetrically for UU*", which the statement does not deliver, and the vectors x_omega in H are then hypotheses whose whole conclusion side is missing. What is stated is proved by the thesis's 890.60 argument: 89I for each omega, orthogonality of the two families of projections via 88IX, then 89III to sum them|repaired: in place (e58c60e) — the `UU*` half is now stated — the conclusion carries `IsStarProjection (U ∘L U*)`, its membership in `ϱ(𝒶)^□`, and the `IsLeast` rendering of `⌈⌈UU*⌉⌉_{ϱ(𝒶)^□} = ϱ(∑_ω ⌈⌈ω⌉⌉)`, symmetric to the `U*U` half. The hypothesis vectors `x_ω ∈ H` have a conclusion at last. -- 2026-08-26 A/VN stmt pass: RECLASSIFIED weaker -> ok, reason 4. The repair was IN PLACE and re-read at NormalFunctionals:2657: the conclusion now has BOTH symmetric halves -- IsStarProjection (U o U*), its membership in rho(A)-square, and the IsLeast rendering of its relative central carrier as rho(sum cceil omega), mirroring the U*U half clause for clause. The hypothesis vectors x_omega have a conclusion at last. Axiom-clean in situ.
89VII|sigma_weak_lemma|Theses/A/VN/NormalFunctionals.lean|stronger|faithful|890.70 Corollary. The thesis fixes rho to be the INCLUSION of a von Neumann algebra of operators on H and pi to be the specific rho-Omega of 30XII over the collection of all np-maps. Ours abstracts both: rho is any injective nmiu-map with von Neumann subalgebra range, and pi is any nmiu-map in which every np-functional of A is a vector functional. A benign generalization — it is proved, and the thesis's case is an instance — but it is not what 890.70 says. Proof follows 890.80: a maximal family of vectors with pairwise orthogonal central carriers, which then sum to 1, and 89V|left-benign: `stronger` — abstracting ρ to any injective nmiu-map with von Neumann range and π to any nmiu-map in which every np-functional is a vector functional is a true generalisation, and the thesis's ϱ_Ω is an instance. Proof still follows 890.80. Not a defect.
89IX|hasSum_projSup_apply|Theses/A/VN/NormalFunctionals.lean|ok|none|auxiliary, not a transcription
89IX|normal_functional_assembly|Theses/A/VN/NormalFunctionals.lean|ok|faithful|not a transcription but the displayed five-line computation at the end of 890.100, extracted as a lemma and reproduced line for line
89IX|exists_nat_reindex|Theses/A/VN/NormalFunctionals.lean|ok|none|auxiliary, not a transcription
89IX|exists_sumVectorNP|Theses/A/VN/NormalFunctionals.lean|ok|none|not a transcription of 89IX but its CONVERSE, which vn.tex does not state here — it is 38IV.2 plus a re-indexing, stated in this file because 89XI and 111VII need it. 38IV is audited elsewhere
89IX|exists_nat_index|Theses/A/VN/NormalFunctionals.lean|ok|none|auxiliary, not a transcription: the "at most countably many are non-zero" step of 890.100
89IX|normal_functional|Theses/A/VN/NormalFunctionals.lean|ok|faithful|890.90 Theorem, including the summability tail. Proof is 890.100: 89VII supplies U, `cceil_sum_relative` (83V inside pi(A)-square) supplies the partial isometries v_i, the assembly computation transfers y, and the countability of the support gives the sequence
89XI|functional_permanence_1|Theses/A/VN/NormalFunctionals.lean|ok|none|890.110 part 1, extension of an np-functional to the ambient von Neumann algebra. No thesis proof is given for 890.110. A proof comment notes that `hR` is redundant given injectivity of rho, and is kept only to match the thesis's phrasing
89XI|functional_permanence_2|Theses/A/VN/NormalFunctionals.lean|ok|none|890.110 part 2, ultraweak permanence, as an equality of topologies. No thesis proof
89XI|functional_permanence_3|Theses/A/VN/NormalFunctionals.lean|ok|none|890.110 part 3, ultrastrong permanence. No thesis proof
89XII|functional_extension|Theses/A/VN/NormalFunctionals.lean|ok|none|890.120 Exercise. The thesis writes the conclusion as "rho composed with omega-prime = omega", which does not typecheck; ours is omega-prime composed with rho = omega, and the doc comment flags the slip. Not currently in ERRATA. Uses the thesis's hint, 48VI.1. Exercise, no thesis proof
72III|continuous_ultrastrong_conjFunctional|Theses/A/VN/NormalFunctionals.lean|ok|none|not a transcription: 72III.1c in the form 90II needs. 72III is audited in avn-basic
90II|vn_center_separating_fundamental_1, vn_center_separating_fundamental_1'|Theses/A/VN/NormalFunctionals.lean|ok|faithful|COVERED (2026-08-27 stmt-class pass): the point IS fully stated in the tree; the status field says which declaration carries which clause. The original finding, taken against the named declaration alone, follows. 900.20 part 1 says Omega-prime is ORDER SEPARATING, which by 21II.1 means "an element a of A is positive iff 0 <= omega(a) for all omega in Omega-prime" — for arbitrary a. Ours is stated as a two-element comparison with BOTH elements assumed self-adjoint, and the two self-adjointness hypotheses `ha` and `hb` are used NOWHERE in the proof: it goes straight to 30X `nonneg_of_conjNP_of_centreSeparating`, which takes an arbitrary element. So the statement is weaker than both the source and our own proof, and it does not use the tree's `OrderSeparating` predicate, which exists in A/CStar/Positive.lean. Proof itself is 900.30 — 30X for the larger family Xi, and ultrastrong density plus 72III.1c to descend to Omega-prime|repaired: `vn_center_separating_fundamental_1'` (`A/VN/NormalFunctionals`:3701, e58c60e) states genuine 21II.1 `OrderSeparating` — the tree's own predicate from `A/CStar/Positive` — for an ARBITRARY element, no self-adjointness. The flagged declaration keeps its name and shape for `A/Proc/Tensor:7256` and is now a six-line corollary of it, with its two unused hypotheses documented as unneeded. -- 2026-08-26 A/VN stmt pass: repair VERIFIED. vn_center_separating_fundamental_1' (NormalFunctionals:3684) states genuine 21II.1 OrderSeparating -- the tree's own predicate from A/CStar/Positive -- for an ARBITRARY element, with no self-adjointness hypothesis, and is axiom-clean in situ. The named declaration keeps its shape for A/Proc/Tensor:7256 and is a corollary of it, so stmt stays `weaker`.  2026-08-27 stmt-class pass: RECLASSIFIED weaker -> ok under the `stmt` convention now written into docs/STATEMENT-AUDIT.md (a row grades the POINT, not the named declaration in isolation). Re-read vn.tex:7237-7241 against the tree: part 1 says Omega-prime is ORDER SEPARATING, which by 21II.1 is `0 <= a iff 0 <= omega(a) for every omega' for ARBITRARY a, and vn_center_separating_fundamental_1' (NormalFunctionals:3684) states exactly that, through the tree's own OrderSeparating predicate (A/CStar/Positive:4085), with no self-adjointness hypothesis and with the point's own hypotheses (CentreSeparatingConj = 21II.4, Dense in the ultrastrong topology). This declaration remains the two-element corollary with the two unused hypotheses A/Proc/Tensor:7256 consumes, and its doc records them as unneeded. lean_name extended; the primed sibling had no row of its own.
90II|gnsHilbOn|Theses/A/VN/NormalFunctionals.lean|ok|none|infrastructure, not a transcription: H_Omega over a set of functionals
48V|gnsRepOn|Theses/A/VN/NormalFunctionals.lean|ok|none|not a transcription: 48V's rho-Omega instantiated at a set. 48V is audited in avn-basic, where it is recorded as weaker than the point
90II|gnsElemVecsOn|Theses/A/VN/NormalFunctionals.lean|ok|none|infrastructure, not a transcription
21II|gnsRepOn_injective|Theses/A/VN/NormalFunctionals.lean|ok|none|not a point of parsec 900 but the injectivity of rho-Omega for centre separating Omega, which 900.40 opens with and takes from 30X `proto-gelfand-naimark` (2) => (1). Since 2026-08-21 it is one line: 69IX `vn_center_separating` entry 1 => entry 4, entry 4 being literally `Function.Injective (gnsRepFam ...)`. The tree's own 30X for this direction, `proto_gelfand_naimark_2`, is stated EXISTENTIALLY in the Hilbert space and so cannot speak about this particular rho-Omega -- which is why 30X itself cannot be cited here, and why the argument of 30X used to be re-run by hand. 21II itself is a Definition and prints no argument.|regraded 2026-09-04: reclassified faithful -> none. the point prints no argument -- 21II `separating` is a Definition (cstar.tex:3113-3154) and prints nothing but its four clauses and the parenthetical implication chain -- so there is nothing for faithful to match (Flag for the orchestrator: this row's DISP looks mis-keyed as well. Its note says the declaration is "not a point of parsec 900" but the injectivity of rho_Omega that parsec 900 opens with, taken from cstar 30X; if the DISP is re-keyed to 30X the grade should be re-derived against 30X's printed proof rather than against 21II.). repaired 2026-08-21: the ingredient is 69IX's fourth entry, added to A/VN/Projections in 8633e37 (the 69IX statement repair); before it existed there was nothing to cite. Axiom-clean in situ.
48III|gnsVec_approx_functional|Theses/A/VN/NormalFunctionals.lean|ok|faithful|not a transcription but 900.40's reduction step: every vector functional of a GNS space is norm-approximated by omega(s*(.)s) with s in a prescribed ultrastrongly dense set, via 48III and 72III.1c exactly as the thesis argues
90II|inner_conj_diff_le|Theses/A/VN/NormalFunctionals.lean|ok|none|auxiliary, not a transcription
90II|vn_center_separating_fundamental_2|Theses/A/VN/NormalFunctionals.lean|ok|faithful|900.20 part 2, operator-norm density of the finite sums in the positive part of the predual, rendered as an epsilon-approximation. Proof is 900.40 in the thesis's own order: rho-Omega injective, 89IX to write f as a sum of vector functionals, reduce to one vector, reduce to one omega, then ultrastrong density
89XI|CU|Theses/A/VN/NormalFunctionals.lean|ok|none|infrastructure, not a transcription: the scalars lifted into universe u. A copy of the block in B/Dils/Pure.lean, as the section note says
89XI|smulLin|Theses/A/VN/NormalFunctionals.lean|ok|none|infrastructure, not a transcription
89XI|smulLin_cp|Theses/A/VN/NormalFunctionals.lean|ok|none|infrastructure, not a transcription
89XI|isLUB_re|Theses/A/VN/NormalFunctionals.lean|ok|none|infrastructure, not a transcription
89XI|smulLin_normal|Theses/A/VN/NormalFunctionals.lean|ok|none|infrastructure, not a transcription
89XI|ncpOfNonneg|Theses/A/VN/NormalFunctionals.lean|ok|none|infrastructure, not a transcription: every positive element is the value at 1 of an ncp-map out of the lifted scalars
