DISP|lean_name|module|stmt|proof|note|status
140VIII|exists_paschke_starAlgHom|B/Dils/Paschke|ok|none|COVERED (2026-08-27 stmt-class pass): the point IS fully stated in the tree; the status field says which declaration carries which clause. The original finding, taken against the named declaration alone, follows. Not 140VIII: it is 140VIII specialised to the constructed dilation as second triple, with the normality of the isomorphism and the uniqueness clause both dropped (a bare bijective *-homomorphism). The full 140VIII is B/Dils/Stinespring.paschke_unique_up_to_iso. No thesis proof for this shape; obtained from exists_paschke_iso_paschkeModule.|repaired: doc-only. The doc now opens "Not a rendering of 140VIII"; the full point (the nmiu-isomorphism and its uniqueness) is B/Dils/Stinespring.paschke_unique_up_to_iso (Stinespring.lean:3597), of which this is a corollary via exists_paschke_iso_paschkeModule. 2026-08-26 B/Dils route pass: RECLASSIFIED route -> none, under reason 1. This declaration is not a rendering of 140VIII at all - it is 140VIII specialised to the constructed dilation as second triple, with the normality of the isomorphism and the uniqueness clause both dropped - and the thesis prints no proof of that specialised shape, so there is nothing here to be faithful to. The full point, the nmiu-isomorphism with its uniqueness, is B/Dils/Stinespring.paschke_unique_up_to_iso (Stinespring.lean:3597), of which this is a corollary via exists_paschke_iso_paschkeModule; the doc now opens by saying so.  2026-08-27 stmt-class pass: RECLASSIFIED weaker -> ok under the `stmt` convention now written into docs/STATEMENT-AUDIT.md (a row grades the POINT, not the named declaration in isolation). 140VIII is stated in the tree by B/Dils/Stinespring.paschke_unique_up_to_iso (Stinespring:3554), which has its OWN row in this file (row 67, classed stronger) -- so lean_name is left alone rather than duplicating the name. Verified against dils.tex:1184-1192: the Lemma asks for an nmiu-isomorphism intertwining the two dilations and its uniqueness, and paschke_unique_up_to_iso is exactly that, an exists-unique NMIUMap that is bijective and satisfies both intertwining equations. This declaration is the weaker corollary -- 140VIII specialised to the constructed dilation as second triple, with normality and uniqueness dropped -- and its doc opens by saying so.
141III|rightMulEquiv|B/Dils/Paschke|differs|none|The cited points give only the example "a C*-algebra B is a self-dual Hilbert B-module over itself with <a,b> = a*b" (141III) and the definition of B^a(X) (143I). The *-isomorphism B = B^a(B)^mop is a Lean-side addition (true, and needed to inhabit PaschkeModule); it is not a statement of the thesis. THE ^mop IS THE LEFT-RIGHT CONVENTION GAP, and this is its third recorded instance after 32II and 33I matrixBaxEquiv: Mathlib's CStarModule B B is a LEFT module (inner x y = y * star x), so its adjointables are the RIGHT multiplications and rightMul_mul (Paschke.lean:2057) proves R_s R_t = R_{ts} -- an anti-homomorphism. In the thesis's right-module convention the same point reads B^a(B) = B with no op. rightMulEquiv is literally the N = 1 case of matrixBaxEquiv (A/CStar/Matrices.lean:1527), which is upstream of this file (HilbertModules.lean:32 imports Theses.A.CStar.Matrices). Recorded at docs/DECISIONS.md 3.3, not in ERRATA: 141III is not wrong, it simply does not state the isomorphism.|repaired: doc-only. The doc now says "Not a statement of the thesis" and that 141III/143I are cited as provenance for the objects, not as source. 141III itself is HilbertModules.selfDual_self (HilbertModules.lean:197) and 143I is ModuleAdjointTo/ModuleAdjointable (HilbertModules.lean:567, from A/CStar/Matrices).
145I|pVecLin_cp|B/Dils/Paschke|ok|faithful|Mirrored: the vector state is stated on (Ba B X)^mop, which is the thesis's B^a(X) in this file's conjugate-module convention (file header). The mirroring was QUESTIONS D2, ruled by Bas -- 2026-08-15 "the definition of Paschke dilation should not include the star", then 2026-08-16 "Ok, fix the transcription please" -- implemented in session 43 and the question deleted on 2026-08-16 at f277d72, so no decision is outstanding. Hypotheses match 145I (B a von Neumann algebra, X a Hilbert B-module). Proof reduces to hilbmod_vectstates_cp, the actual transcription of 145I in SelfDual.lean (not audited here).
152XIII|pVecLin_normal|B/Dils/Paschke|ok|faithful|Self-duality of X is required, as in 152XIII (which sits inside the proof that B^a(X) is a von Neumann algebra). Reduces to baVecNP in SelfDual.lean.
154II|PhiCompatible|B/Dils/Paschke|ok|none|Definition, mirrored (T_mirror(a,b) = T_thesis(a*,b*)), so the bound reads with the stars outside. Two deliberate departures: X is only required to be a CStarModule, not a self-dual Hilbert B-module (wider than 154II, harmless for a definition); and C-linearity in the second argument is not a field, following from smul_action at c = z*1. No [VonNeumannAlgebra] binders (definition).
154II|norm_sq_sum_ptprod|B/Dils/Paschke|ok|faithful|The Gram identity itself is displayed in 154V (parsec 1540 point 50), not in 154II which is the definition; the doc cites 154II because it is that definition's bound with r = 1. Mirrored form matches.
154II|paschkeModule_norm_sq_sum_tprod|B/Dils/Paschke|stronger|faithful|Same identity for an abstract PaschkeModule. No [VonNeumannAlgebra A]/[VonNeumannAlgebra B] binders, where the thesis's setting supplies them; proved without them, so a true generalisation. Identity is 154V's display, not 154II's.|left-benign: no [VonNeumannAlgebra] binders, which parsec 1540's setting (an ncp-map between von Neumann algebras) supplies; proved without them.
154III|PhiCompatible.mul_right|B/Dils/Paschke|stronger|faithful|Content is 154VI (parsec 1540 point 60): B(a,b) = (a0 a) tensor b is phi-compatible, mirrored to the right shift. No [VonNeumannAlgebra] binders (thesis setting has them); proved without. Proof now follows the thesis's display (dils.tex:3689-3696): the matrix inequality a*a0*a0a <= ‖a0‖^2 a*a in M_n(A), then M_n(phi) positive, then conjugation by the column vector b.|2026-08-26 B/Dils route pass: REPAIRED - the proof now runs the thesis's own row/column-vector computation of 154VI (dils.tex:3670 point 60, display at 3689-3696). Three steps, all with existing tree machinery: (i) A1 = (a_i a0 (a_j a0)*) <= ‖a0‖^2 A0 = ‖a0‖^2 (a_i a_j*) in CStarMatrix (Fin n) (Fin n) A, proved by 33II cstar_matrix_positive_iff (A/CStar/Matrices) since the c-conjugate of the difference is u (‖a0‖^2 1 - a0 a0*) u* with u = sum_i c_i* a_i; (ii) M_n(phi) is positive, by 34IV cp_iff from the ncp-map's map_cstarMatrix_nonneg'; (iii) 33II again at the column vector b, giving S1 <= ‖a0‖^2 S0 in B, then norm monotonicity. The old excuse (complete positivity at the families (a_i a0)* and (a_i c)* with c c* = K - a0 a0*, 'avoiding mn-vna') is gone, and so is the c; no mn-vna is needed, only Mathlib's CStarAlgebra structure on CStarMatrix. Doc comment rewritten. Compiles at exit 0. Only the witness r differs from the print: 154II demands r > 0 while the display yields r‖a0‖^2, which is 0 at a0 = 0, so the Lean witness is the larger r(‖a0‖^2 + 1); the thesis's inequality itself is used unchanged.
154III|PaschkeModule|B/Dils/Paschke|ok|none|Bundles the data of parts 1-3 plus part 1's universal property. Mirrored throughout: inner_tprod is <a x b, a' x b'> = b' phi(a' a*) b*, and rho lands in (Ba B X)^mop, which the file header justifies (with rho into Ba B X the structure is uninhabited -- paschke_module_phi_eq_zero forces phi = 0, the root cause being that mirroring a right Hilbert B-module turns the thesis's left A-action into a right one, so Ba is met up to opposite). That was QUESTIONS D2; Bas ruled "fix the transcription", session 43 implemented exactly the ^mop rendering audited here, and the question was deleted on 2026-08-16 at f277d72, so nothing is pending. No [VonNeumannAlgebra] binders (structure).
154III|paschkeModule_h_ρ|B/Dils/Paschke|stronger|faithful|h . rho = phi. Stated in the thesis at 154VIII, not 154III. No [VonNeumannAlgebra] binders; proved without them. Computation is the thesis's <1x1, a x 1> = phi(a).|left-benign: no [VonNeumannAlgebra] binders, which the thesis's setting supplies; proved without them.
154III|ptprod_univ|B/Dils/Paschke|ok|faithful|Part 1's universal property for the constructed module. Matches 154V's second half (T_0 on the algebraic tensor product, bounded and B-linear by phi-compatibility, extended by selfdual-completion-univ).
154III|exists_prho|B/Dils/Paschke|ok|faithful|Part 2, existence half, mirrored (rho(a0)(a x b) = (a a0) x b). Thesis 154VI.
154III|prho|B/Dils/Paschke|ok|none|Definition of rho(a0) via the choice from exists_prho.
154III|prhoHom|B/Dils/Paschke|ok|none|Definition: rho as a *-homomorphism into (Ba B E.X)^mop. The mop is forced by the mirroring, see the file header.
154III|prhoHom_normal|B/Dils/Paschke|ok|faithful|Normality of rho, by the thesis's own route (normal-faithful plus hilmod-fixed-on-V). REPAIRED session 94: the previous note (and the doc comment) excused a double-polarisation route by 'mn-vna, which is still open in A/VN'. Stale twice over - 49IV is mn_vna_1/_2/_2'/_3 in A/VN/Basic, and all three factors of the thesis's 'A -> M_n A -> M_n B -> B' factorisation are in the tree (153IV, 49IV.3, 49IV.2 clause 3). The polarisation apparatus had no other consumer and is gone; Paschke.lean 4260 -> 4200 lines.
154III|pVecNCP|B/Dils/Paschke|ok|none|Part 3 as a definition: h(T) = <e, T e> as an ncp-map on (Ba B X)^mop.
154III|existence_paschke|B/Dils/Paschke|ok|faithful|Parts 1-3 as Nonempty (PaschkeModule phi). Both [VonNeumannAlgebra] binders present. Assembles the transcribed pieces.
154III|existence_paschke_2|B/Dils/Paschke|ok|faithful|Part 2's uniqueness clause, mirrored. The nmiu clause of part 2 lives in PaschkeModule.rho.
154III|existence_paschke_4|B/Dils/Paschke|ok|mild|Part 4 (154IX, paschke-spatial). One rewording: the thesis's ad_S . rho' = rho appears as the intertwining S rho(a) x = rho'(a) S x, which is equivalent given S*S = 1 (the thesis derives one from the other in 154IX). Proof deliberately does not follow the thesis (no paschke-uniqueness, no lambda-scaling lemma, no density argument): part 1's universal property applied four times.|2026-08-26 B/Dils route pass: LEFT-under-reason-1-and-4, and RECLASSIFIED route -> mild. Claim re-verified against the source. (a) The existence half is the thesis's own: 154IX at dils.tex:3788-3816 builds S_0(a tensor b) = rho'(a) e b, and that is exactly the map fed to part 1's universal property here (mirrored, T(a,b) = b . rho'(a) e); its Gram matrix is phi(a_j a_i*) on the nose, the thesis's computation at dils.tex:3795-3801. Only the upgrade of inner-product preservation from elementary tensors to all of X differs: dils.tex:3806-3809 closes by hilmod-fixed-on-V, a statement about the concrete eta, which an ABSTRACT PaschkeModule does not carry - matching it needs a statement change (reason 3), so part 1's universal property is used against B itself instead. (b) The uniqueness half of the thesis (dils.tex:3770-3787) rests on 'there is a lambda != 0 with S_1 = lambda S_2, cf. westerbaan2016universal lemma 9' at dils.tex:3779-3780. Confirmed: that citation occurs exactly twice in dils.tex (:905, for the Stinespring uniqueness, and :3780), it is not a numbered point of either thesis, it is not in bsols.tex or berr.tex, and it is not in the Lean tree - so the thesis gives no proof of that step at all (reason 1). Named list to put the uniqueness half on the printed route: (1) the lambda-scaling lemma itself (ad_S1 = ad_S2 for inner-product-preserving module maps S_1,S_2 : X -> Y implies S_1 = lambda S_2), which would have to be proved from scratch, est. 100-150 lines; (2) 154VIII paschke-uniqueness as a standalone conclusion - the tree has only its matrix-element step, paschke_sigma_matrix, the rest being discharged inside existence_paschke_5 by the concrete-module density argument, est. 60-100 lines; (3) the e = 0 / phi = 0 case split of dils.tex:3784-3787. Total 150-250 lines to replace a two-line uniqueness proof (S(a tensor b) = b . S(rho(a)(1 tensor 1))) that needs neither. Reason 4 with the list above; the lambda step is additionally reason 1.
154III|existence_paschke_5|B/Dils/Paschke|ok|mild|Part 5, with the constructed dilation carried as (Ba B M.X)^mop. Existence half is 154X verbatim; uniqueness diverges, using paschkeModule_inner_tprod_separating and paschkeModule_ba_ext in place of hilmod-fixed-on-V (which needs the concrete eta, absent from an abstract PaschkeModule).|left-forced: hilmod-fixed-on-V is a statement about the concrete eta, and 154X's uniqueness is asserted here for an ABSTRACT PaschkeModule, which carries none. paschkeModule_inner_tprod_separating / paschkeModule_ba_ext settle exactly the equalities the density argument would; positivity is the only thing they cannot settle, and 154X needs none. Verified session 95's second pass.
154III|exists_paschke_iso_paschkeModule|B/Dils/Paschke|ok|faithful|154III.5 combined with 140VIII: every Paschke dilation is uniquely nmiu-isomorphic to the constructed one, compatibly with rho and h. This is the thesis's own opening move in 156III and 157IX.
154III|pTheta_normal|B/Dils/Paschke|ok|faithful|Part 2's analytic core: the vector form d maps-to <v, rho(d) v>, paired with an np-functional omega of B, preserves directed suprema. This is the last step of the thesis's proof of part 2 (dils.tex:3703-3719): writing v = sum_i a_i (x) b_i, the vector form is b* (M_n phi)(a* d a) b, normal by hilbmod-ad-ncp (153IV hilbmod_adj_vector_ncp) and mn-vna (49IV.3 mn_vna_3 for the entrywise M_n phi, and the third clause of 49IV.2 mn_vna_2 for M maps-to sum_ij c_i* M_ij c_j), composed with omega by compNP. One shape difference, benign: the thesis states normality of the B-VALUED map d maps-to <x,rho(d)x> and ours states it after pairing with each np-functional omega of B, which is the same thing for a positive B-valued map and is the form 145I normal_faithful consumes. stmt ok: the point's own clause is prhoHom_normal (own row).
154III|paschkeModuleOf|B/Dils/Paschke|ok|none|Definition: parts 1-3 as a TERM, the module A (x)_phi B built on a given self-dual completion E of the algebraic tensor product with the phi-inner product, carrying eta, rho and h(T) = <eta(1 (x) 1), T eta(1 (x) 1)>. existence_paschke (own row) is this term with E discharged by 150II dils_completion; the term is kept separately accessible because 157VII hilmod-fixed-on-V is a statement about the CONCRETE eta, which an abstract PaschkeModule does not carry. A definition, so no thesis proof to match.
154IV|ptensBInner|B/Dils/Paschke|ok|none|The B-valued inner product on the algebraic tensor product. Mirrored: <a x b, a' x b'> = b' phi(a' a*) b*, the mirror of the thesis's sum_ij b_i* phi(a_i* alpha_j) beta_j. Mis-citation: the formula is in 154V (point 50), whereas 154IV is the "Proof" header point.
154VIII|paschke_sigma_matrix|B/Dils/Paschke|ok|faithful|Exactly the thesis's equation-sigma, mirrored: <a x b, sigma(c)(a' x b')> = b' h'(rho'(a') c rho'(a*)) b*. Only the matrix-element step of 154VIII; 154VIII's actual conclusion (uniqueness of the mediating sigma) is discharged inside existence_paschke_5.
155II|ksBInner|B/Dils/Paschke|ok|none|Construction internal to our proof of KSGNS. 155II is a bare citation to Kasparov with no construction in the thesis, so there is nothing to compare beyond the final statement (ksgns below).
155II|ksRho|B/Dils/Paschke|ok|none|As ksBInner: part of our own construction; the thesis gives none.
155II|ksT|B/Dils/Paschke|ok|none|As ksBInner: part of our own construction; the thesis gives none.
155II|ksTadjCLM|B/Dils/Paschke|ok|none|As ksBInner: part of our own construction; the thesis gives none.
155II|ksgns_aux|B/Dils/Paschke|ok|none|The assembled dilation, identical in shape to ksgns below; the thesis gives no proof to match.
155II|ksgns|B/Dils/Paschke|ok|none|Matches the intended KSGNS statement (C*-algebras A, B, Hilbert B-module X, cp phi : A -> B^a(X); yields Hilbert B-module Y, miu rho, adjointable B-linear T with phi = ad_T . rho). THESIS SLIP worth an erratum: 155II as printed says "adjointable B-linear T : Y -> X", which does not typecheck against the thesis's own ad_T (153I: T : X -> Y gives ad_T : B^a(Y) -> B^a(X)); the intended direction, and Kasparov's, is T : X -> Y, which is what Lean has. proof = none because the thesis proves nothing here (bare citation); note that Lean nonetheless supplies a complete construction.
156II|paschke_injective_carrier|B/Dils/Paschke|ok|mild|The carrier identity ceil(rho) = cceil(phi) is rendered as the projection-wise characterisation the thesis's proof establishes: for every projection p, rho(p) = 0 iff phi(a* p a) = 0 for all a. That determines both carriers, so it is equivalent, but the equality of carriers itself is never stated. Proof is the thesis's argument with hilmod-fixed-on-V replaced by paschkeModule_ba_ext after transport along exists_paschke_iso_paschkeModule.|2026-08-26 B/Dils route pass: SUPERSEDED - the ground-3 verdict is void. Adding a new lemma is not a statement change, and the equation ceil(rho) = cceil(phi) of dils.tex:3886 is now IN the tree as paschke_carrier_eq_cceil (B/Dils/Paschke), proved from this carrier form plus 69I cceilMap_least and 69IV carrier_miu. This row's own proof is unchanged and remains the thesis's argument at dils.tex:3900-3903 and 3917-3919, with hilmod-fixed-on-V replaced by paschkeModule_ba_ext after transport.  RE-FILED 2026-08-29 as left-encoding. The row itself declared its verdict void in 2026-08-26, but the words it used to say so contained the verdict name, which scripts/sorry_map.py scans for, so the row went on being counted as the author's for three days; the name is reworded above. The blocker has expired and the evidence checks out: paschke_carrier_eq_cceil is at B/Dils/Paschke.lean:3437 and is consumed at :3501, so the carrier equation of dils.tex:3886 is in the tree and nothing is waiting on a statement. The residual divergence is a transport, not a missing route: 152IX hilmod_fixed_on_V does exist (B/Dils/SelfDualCompletion.lean:2358), and the proof substitutes paschkeModule_ba_ext (Paschke.lean:1775) for it after transport along exists_paschke_iso_paschkeModule (140VIII), which is an encoding matter and ours.
156II|paschke_injective|B/Dils/Paschke|ok|faithful|The 'thus' half of 156II verbatim (dils.tex:3888): rho injective iff phi kills no non-zero central projection. Both directions are now read off the thesis's own identity ceil(rho) = cceil(phi) (paschke_carrier_eq_cceil, dils.tex:3886), via 63II.4 carrier_basic_4 on the left and 69I cceilMap_least on the right.|2026-08-26 B/Dils route pass: REPAIRED - the 120-200 line costing did NOT hold up and the route is now the thesis's. Two of the three costed items were already in the tree: cceil of an ncp-map is cceilMap (ncpPositive phi) phi.preservesDirSups' (69I, A/VN/Projections.lean:6543 - no new definition needed), and its leastness among central effects killing phi is cceilMap_least (:6550). The identity ceil(rho) = cceil(phi) (dils.tex:3886) is now proved as paschke_carrier_eq_cceil in ~40 lines from paschke_injective_carrier plus 69IV carrier_miu (centrality of ceil(rho)) and cceilMap_least; paschke_injective then reads both halves off it in ~30, as the thesis does at dils.tex:3888-3889. One local deviation, documented on the new declaration: the inequality ceil(rho) <= cceil(phi) needs phi(a* z a) = 0 from phi(z) = 0 at the CENTRAL projection z = cceil(phi)^perp, which ncp_conj_central_eq_zero gets from centrality (a*za = z(a*a)z <= ‖a*a‖ z) instead of the thesis's ad-contraposed plus cceil-fundamental chain at dils.tex:3905-3912, which proves the same implication for an arbitrary projection. Statements unchanged; file compiles at exit 0.
156II|paschke_carrier_eq_cceil|B/Dils/Paschke|ok|mild|The equation of 156II itself, ceil(rho) = cceil(phi) (dils.tex:3886) -- the statement the paschke_injective_carrier row recorded as never stated, now stated. MILD: the shared substance is the thesis's projection-wise carrier form (dils.tex:3900-3903 and 3917-3919), transcribed as paschke_injective_carrier; but the equality is then extracted differently. The thesis runs "p <= ceil(rho)^perp iff p <= cceil(phi)^perp for every projection p", using ad-contraposed and the union formula cceil(phi) = sup_a ceil(a ceil(phi) a*) (cceil-fundamental). Ours proves the two inequalities instead: cceil(phi) <= ceil(rho) because ceil(rho) is CENTRAL (69IV carrier_miu) and annihilates phi, so 69I cceilMap_least applies; and ceil(rho) <= cceil(phi) because cceil(phi)^perp is a central projection killing phi, hence phi(a* cceil(phi)^perp a) = 0 for all a (ncp_conj_central_eq_zero, the central case of dils.tex:3905-3912), hence rho(cceil(phi)^perp) = 0 by the carrier form.|LEFT-BENIGN (2026-08-28 proof-column sweep) a local deviation inside the thesis's own route, described in the note and checked to be local: the statement is the thesis's, the argument is the thesis's, and what differs is a step reorganised, reindexed, made precise, or taken from a sibling lemma. That is what the schema's `mild` means, and no action follows from it.
157II|NCPLe|B/Dils/Paschke|ok|none|psi <=_ncp chi as "there is an ncp delta with chi = psi + delta", i.e. chi - psi is ncp. Matches. No [VonNeumannAlgebra] binders (definition).
157II|ncpInterval|B/Dils/Paschke|ok|none|[0,phi]_ncp = {psi : 0 <=_ncp psi <=_ncp phi}. Matches.
157III|phiT|B/Dils/Paschke|ok|none|phi_t(a) = h(t rho(a)). Defined for every t in P, whereas 157III restricts to t in the commutant of rho(A); harmless, and every use site carries the commutant hypothesis.
157IV|paschke_correspondence_mem|B/Dils/Paschke|ok|faithful|Part 1 (well-definedness of t -> phi_t into [0,phi]_ncp). The thesis's set-up argument (sqrt t in the commutant, phi_t = h . ad_sqrt(t) . rho, and phi - phi_t = phi_{1-t}) is transcribed.
157IV|paschke_correspondence_embedding|B/Dils/Paschke|ok|faithful|Part 2, order embedding: phi_t <=_ncp phi_s iff t <= s. REPAIRED session 94: 157VII's positivity reflection is now stated (phiT_reflects_nonneg), which lets this run the thesis's 157VII in BOTH directions - phiT_reflects_nonneg for (=>) and phiT_ncpLe for (<=) - and stop depending on part 3. Verified session 95 that the doc matches the proof. The old note also said 'the linear clause of 157IV is not rendered in any of the three parts'; that is now STALE - phiT_add and phiT_smul are stated just above.|VERDICT CORRECTED session 95's second pass: route -> faithful. dils.tex 157VII is the (=>) half ('let T with phi_T ncp be given; we must show T >= 0') and the set-up point 157VI is the (<=) half ('if T <= S then phi_{S-T} = phi_S - phi_T is ncp'); the proof is now exactly those two, phiT_reflects_nonneg and phiT_ncpLe, with no appeal to part 3. The transport to an arbitrary dilation inside phiT_reflects_nonneg is 157IX, which is what the thesis does too. The 'route' verdict predated the session-94 repair; the old claim that 157IV's linear clause is unrendered is also stale - phiT_add and phiT_smul are stated.
157IV|paschke_correspondence_surjective|B/Dils/Paschke|ok|mild|Part 3, surjectivity onto [0,phi]_ncp. 157VIII transcribed on the constructed module and transported by 157IX, with one step replaced: T <= 1 comes from running the construction on phi - psi as well rather than from hilmod-fixed-on-V.|left-forced: 157VIII is transcribed and transported by 157IX as the thesis does; the single deviation is T <= 1, and it is the local inversion documented in the declaration and in PROVING-LOG session 95 (the abstract PaschkeModule carries no eta, so the thesis's <x,Tx>_phi = <x,x>_psi <= <x,x>_phi plus hilmod-fixed-on-V is unavailable at this statement's generality). Removing it needs a new concrete-module statement. Verified session 95's second pass.
157IV|phiT_add|B/Dils/Paschke|ok|none|The LINEAR clause of 157IV ("The map t maps-to phi_t is a linear order isomorphism"), additivity. The thesis prints no argument for it: dils.tex:3971-3972 reads in full "Clearly T maps-to phi_T is linear for T in rho(A)-square", so there is nothing to follow. Ours is immediate from the definition -- h is linear and (s+t) rho(a) = s rho(a) + t rho(a). Before this lemma and phiT_smul the linearity clause was stated in none of the three parts (paschke_correspondence_mem, _embedding, _surjective), which give only the order-isomorphism half.
157IV|phiT_smul|B/Dils/Paschke|ok|none|The LINEAR clause of 157IV, C-homogeneity; the companion of phiT_add and, like it, answering an assertion the thesis makes without argument (dils.tex:3971-3972, "Clearly T maps-to phi_T is linear"). Note that linearity here is in the OPERATOR variable t, over C, not in a; that is what the point asserts and what is stated.
157VI|exists_phiT_ncp|B/Dils/Paschke|weaker|faithful|Renders only the first clause of 157VI (phi_s is ncp); the two further clauses of that point (T <= S implies phi_T <=_ncp phi_S, and phi_1 = phi) are not stated here. Also adds the hypothesis 0 <= s. THESIS SLIP worth an erratum: 157VI says "Pick T in rho(A)^square" and then forms sqrt(T), so it silently needs 0 <= T; as printed the claim "phi_T is ncp" is false for a general self-adjoint T in the commutant.|repaired: 157VI's two further clauses are now stated in their own right - phiT_ncpLe (Paschke.lean:4064, t <= s implies phi_t <=_ncp phi_s), phiT_one (:4082, phi_1 = phi) and phiT_ncpLe_self (:4092, the two together in the point's own form). The added 0 <= s hypothesis stands, documented as the thesis slip the audit found.  2026-08-27 stmt-class pass: STAYS `weaker`, and the recorded evidence is corrected. Under the convention now in docs/STATEMENT-AUDIT.md a row is `weaker` only when some clause of the point is stated NOWHERE in the tree. The two further clauses this row found missing ARE now stated: phiT_ncpLe (Paschke:4188) is "t <= s implies phi_t <=_ncp phi_s", phiT_one (:4206) is "phi_1 = phi", and phiT_ncpLe_self (:4092 area, now :4216) is the two together in the point own form; the linearity of T maps-to phi_T that dils.tex:3971-3972 also asserts is phiT_add (:4168) and phiT_smul (:4175). What keeps this row weaker is the OTHER half of its finding, and it is rule 5 of the convention: we ADD the hypothesis 0 <= s that the printed statement lacks. The slip is real and I checked it in the source -- dils.tex:3973 reads "Pick T in rho(A)-square" (the COMMUTANT, defined vn.tex:3210 and spelled out at dils.tex:3951) and :3974 immediately forms the square root of T, so T is not even assumed self-adjoint; at T = -1 the conclusion "phi_T is ncp" is false for non-zero phi. Filed at ERRATA.md:129, status OPEN.
157VI|phiT_ncpLe|B/Dils/Paschke|ok|faithful|157VI's second clause: for s, t in the commutant of rho(A) with t <= s, phi_t <=_ncp phi_s (dils.tex:3977-3980). The thesis's own one-liner, transcribed: phi_{s-t} = phi_s - phi_t is ncp by the first clause applied to s - t, which is what phi_t <=_ncp phi_s says. Worth recording that this clause escapes the 157VI thesis slip filed at ERRATA.md:129 -- the first clause is invoked at s - t, which IS assumed non-negative here, so no positivity of s or t separately is needed and none is assumed.
157VI|phiT_one|B/Dils/Paschke|ok|none|157VI's third clause, phi_1 = phi. The thesis asserts it inside a chain and proves nothing: dils.tex:3981 reads "Consequently, if T <= 1, then phi_T <= phi_1 = phi". Ours is h . rho = phi, the first half of IsPaschkeDilationOf, after 1 * rho a = rho a.
157VI|phiT_ncpLe_self|B/Dils/Paschke|ok|faithful|157VI's closing inference in the point's own form: for t <= 1 in the commutant, phi_t <=_ncp phi_1 = phi (dils.tex:3981). Exactly the thesis's two steps -- rewrite along phi_1 = phi (phiT_one), then apply the monotonicity clause (phiT_ncpLe) at s = 1. Again no positivity of t is needed or assumed.
157VII|paschkeModule_inner_tprod_commutant|B/Dils/Paschke|ok|faithful|The individual matrix element <a x b, t(a' x b')> = b' phi_t(a' a*) b*, mirrored; the thesis displays the same computation summed over i,j. Same content.
157VII|paschkeModule_phiT_injective, paschkeModuleOf_phiT_reflects_nonneg, phiT_reflects_nonneg|B/Dils/Paschke|ok|route|COVERED (2026-08-27 stmt-class pass): the point IS fully stated in the tree; the status field says which declaration carries which clause. The original finding, taken against the named declaration alone, follows. 157VII's conclusion is that t -> phi_t *reflects positivity* (T in the commutant with phi_T ncp forces T >= 0), which is the order-embedding half of 157IV. Ours concludes only injectivity (phi_t = 0 forces t = 0). The positivity-reflection is obtained instead inside paschke_correspondence_embedding, by a route that is not the thesis's.|repaired: the positivity reflection is now stated twice - paschkeModuleOf_phiT_reflects_nonneg (Paschke.lean:3740) on the constructed module by the thesis's own density argument, and phiT_reflects_nonneg (:3797) for an arbitrary Paschke dilation by 157IX's transport. paschke_correspondence_embedding now runs both directions of the thesis's proof. 2026-08-26 B/Dils route pass: REPAIRED (last session, re-verified). 157VII's actual conclusion - that t -> phi_t REFLECTS positivity, the order-embedding half of 157IV - is now stated twice and proved the thesis's way: paschkeModuleOf_phiT_reflects_nonneg (Paschke.lean:3740) on the constructed module by the thesis's own density argument, and phiT_reflects_nonneg (:3797) for an arbitrary Paschke dilation by 157IX's transport. paschke_correspondence_embedding now runs both directions of the printed proof. This row's own declaration remains the weaker injectivity clause, which is what its stmt verdict records.  2026-08-27 stmt-class pass: RECLASSIFIED weaker -> ok under the `stmt` convention now written into docs/STATEMENT-AUDIT.md (a row grades the POINT, not the named declaration in isolation). Re-read dils.tex:3984-3999: the point's actual conclusion is at :3986, `we must show T >= 0', i.e. that T maps-to phi_T REFLECTS positivity, and it is stated twice -- paschkeModuleOf_phiT_reflects_nonneg (Paschke:3848) on the constructed module by the point's own density argument, and phiT_reflects_nonneg (:3905) for an arbitrary Paschke dilation by 157IX's transport. The trailing "and in particular an injection" is this declaration (:3777), and the combined order embedding is paschke_correspondence_embedding (:4263), which now runs both directions of the printed proof. lean_name extended; neither sibling had a row of its own.
157VIII|paschkeModule_phiT_surjective|B/Dils/Paschke|ok|mild|COVERED (2026-08-27 stmt-class pass): the point IS fully stated in the tree; the status field says which declaration carries which clause. The original finding, taken against the named declaration alone, follows. 157VIII. The T <= 1 clause is now IN the conclusion (it used to be dropped and recovered inside paschke_correspondence_surjective). Hypothesis 'phi = psi + delta with delta ncp' is the thesis's psi <=_ncp phi. Local deviation in the proof of the bound: the thesis reads <x,Tx>_phi = <x,x>_psi <= <x,x>_phi off the elementary tensors and closes by hilmod-fixed-on-V; here phi_{1-T} = delta is ncp by hypothesis, so 0 <= 1 - T by 157VII phiT_reflects_nonneg. LOCAL DEPENDENCY INVERSION, found session 95 and documented in the doc comment: phiT_reflects_nonneg is stated for an ARBITRARY Paschke dilation, so it re-runs dils_completion + paschkeModuleOf and transports along exists_paschke_starAlgHom = 154III.5 + 140VIII - which is exactly the 157IX step the thesis performs AFTER 157VIII. Not circular (154III and 140VIII precede parsec 1570) and forced by the shape of the statement: M is an abstract PaschkeModule with no eta and hence no density statement, and positivity is not determined by matrix elements on a non-dense separating set. Removing the detour needs a concrete-module paschkeModuleOf_phiT_surjective, i.e. a NEW STATEMENT - flagged, not made.|repaired: T <= 1 is back in the conclusion of paschkeModule_phiT_surjective (Paschke.lean:3859), obtained from phiT_reflects_nonneg applied to 1 - T.  2026-08-27 stmt-class pass: RECLASSIFIED weaker -> ok under the `stmt` convention now written into docs/STATEMENT-AUDIT.md (a row grades the POINT, not the named declaration in isolation). Re-read dils.tex:4001-4052 against the declaration in the source: :4003-4004 asks for a T in the commutant of rho(A) with phi_T = psi AND 0 <= T <= 1, and paschkeModule_phiT_surjective (Paschke:3983) concludes exactly that -- commutation, 0 <= t, t <= 1, and the equation. The hypothesis `phi a = psi a + delta a with psi, delta ncp' is the point's psi <=_ncp phi. Repaired in place, so lean_name is unchanged. The LOCAL DEPENDENCY INVERSION the note records is a PROOF matter (the bound goes through the transported 157VII, which is the 157IX step the thesis takes afterwards) and is what the `mild` proof class records; it is not a statement gap.
135II|dils_gns|B/Dils/Stinespring|ok|mathlib|GNS' exactly as printed (pu-map on a C*-algebra, miu-map into B(H), cyclic-ish vector, omega = <x, rho(.)x>). The thesis gives no proof here (it defers to sref gns in thesis A and to the proof of Stinespring); Lean closes it with Mathlib's PositiveLinearMap.gnsStarAlgHom.
135IV|stinespring_aux|B/Dils/Stinespring|ok|faithful|Not a thesis statement in its own right: it packages the content of the thesis's proof 137II-137VII (the construction, the isometry clause, minimality, a separation clause and the identity <rho(a)Vx, rho(b)rho(a)Vx> = <x, phi(a* b a) x>). The construction transcribed is the thesis's, with stinespring-extend-operator supplied by LinearMap.extendOfNorm.
135IV|stinespring_normal_aux|B/Dils/Stinespring|ok|faithful|Part 2 (normality of rho for normal phi on a von Neumann algebra) together with minimality of the constructed dilation, as 139I asserts.
135IV|stinespring|B/Dils/Stinespring|ok|faithful|Stinespring's theorem, main clause. Hypotheses match (C*-algebra A, cp phi : A -> B(H)); ad_V = conjOperator V is V* (.) V.
135IV|stinespring_unital|B/Dils/Stinespring|ok|faithful|Part 1 (phi unital gives V an isometry).
135IV|stinespring_normal|B/Dils/Stinespring|ok|faithful|Part 2 (A a von Neumann algebra and phi normal gives rho normal). [VonNeumannAlgebra A] present.
136II|prop_complete_into_hilbert_space|B/Dils/Stinespring|ok|mathlib|Matches 136II, including the non-definiteness of the inner product (B is only a positive conjugate-symmetric sesquilinear form). Boundedness of eta is not stated because it is automatic from the inner-product identity. Proof does not build the space from fast Cauchy sequences as the thesis does: it uses Mathlib's separation quotient and completion of the semi-inner-product space.
138II|nmiu_forall_mem|B/Dils/Stinespring|ok|mild|A reformulation of the thesis's 138IV step (1 = rho(1) = sum_i rho(p_i) = sum_ij ketbra(r_ij,r_ij)) as: a closed subspace absorbing every rho(ketbra(x,e_0))eta with eta fixed by rho(ketbra(e_0,e_0)) is all of K. Cited as 138II though the content is 138IV. Proof runs the thesis's computation as a supremum-of-partial-sums argument rather than as an orthonormal-basis count.|left-cost: 138IV is a sub-point of 138II's own proof, so no inversion. The recast is the same computation - 1 = rho(1) = sum_i rho(p_i) = sum_ij ketbra(r_ij,r_ij) - read as a supremum of partial sums; transcribing it as an orthonormal-basis count needs ONB machinery over an arbitrary index set plus orthogonal-tuple-of-projections, neither of which the tree has in that form. Verified session 95's second pass.
138II|nmiu_between_type_I|B/Dils/Stinespring|ok|mild|Exactly 138II: a non-zero nmiu-map B(H) -> B(K) is a -> U*(a x 1)U for a unitary U : K -> H x K'. Unitarity rendered as U*U = 1 and UU* = 1. Proof follows the thesis's construction, with the r_ij orthonormal-basis argument recast as nmiu_forall_mem plus a separate H = 0 case.|left-cost: the construction (kernel is an ultraweakly closed ideal, z = 0, the r_ij, U r_ij = e_i tensor d_j) is the thesis's step for step; only the r_ij orthonormal-basis count is recast, via nmiu_forall_mem - see that row. The extra H = 0 case is the thesis's own footnote. Verified session 95's second pass.
138VI|typei_inner_auto|B/Dils/Stinespring|ok|none|Exactly 138VI, as an iff (bijective iff of the form ad_U for a unitary U : K -> H). The thesis states this Corollary without proof, so there is nothing to match; Lean proves it directly.
138VII|physics_stinespring|B/Dils/Stinespring|ok|faithful|First half of the exercise only: existence of K' and V : K -> H x K' with phi(a) = V*(a x 1)V. The second half (every quantum channel is Phi(rho) = Tr_K'[U*(rho x ketbra(v0,v0))U]), whose statement berr.tex corrects to "channel from H to itself", is not converted (no trace-class operators in the tree). Proof is the author's solution (Stinespring then 138II); the case split is on rho = 0 where the author splits on phi = 0.
138VIII|kraus_decomposition|B/Dils/Stinespring|ok|faithful|The exercise's final claim: phi(a) = sum_i V_i* a V_i with V_i : K -> H and the partial sums of sum_i V_i* V_i bounded, converging ultraweakly. The exercise's two intermediate claims (phi(a) = sum_i V*(a x ketbra(e_i,e_i))V, and the projections P_i) are not separately converted; they appear inside the proof.
138VIII|kraus_decomposition_findim|B/Dils/Stinespring|ok|route|Finite-dimensional clause: at most dim H . dim K Kraus operators. Proof diverges from bsols, which bounds the dilation space (and divides by dim H, invalid for H = 0); Lean cuts K' down after the fact via the kernel of xi -> V0* . (. x xi).|left-thesis-gapped: bsols.tex bounds dim K'' <= (dim H)^2 (dim K) for the standard dilation space, then reads dim K' <= (dim H)(dim K) off H tensor K' = K'' by DIVIDING by dim H - invalid for H = 0 - and asserts that identification 'by construction' for a K' that physics-stinespring does not pin. Lean cuts K' down after the fact via the kernel of xi -> V0* . (. tensor xi), needing neither division nor minimality. The printed argument is not repairable as printed. Verified session 95's second pass. 2026-08-26 B/Dils route pass: LEFT-under-reason-2. The printed argument is not repairable as printed and lean/ERRATA.md carries the row (138VIII, kraus-exercise, dils.tex:742, the finite-dimensional half of the bsols solution): the solution bounds dim K'' for the standard dilation space and then reads dim K' off H (x) K' = K'' by DIVIDING by dim H, which is invalid for H = 0, and asserts that identification 'by construction' for a K' that physics-stinespring does not pin. Lean cuts K' down after the fact via the kernel of xi -> V0* . (. (x) xi), needing neither the division nor minimality.
139I|StinespringDilation|B/Dils/Stinespring|ok|none|Definition of a normal Stinespring dilation; rho is an NMIUMap so normality is built in. Defined for an arbitrary function phi : A -> B(H) rather than for an ncp-map on a von Neumann algebra as in 139I; harmless for a definition.
139I|StinespringDilation.Minimal|B/Dils/Stinespring|ok|none|Minimality as density of the linear span of rho(A)VH. Matches.
139I|exists_minimal_stinespringDilation, stinespringDilation_restrict_minimal|B/Dils/Stinespring|ok|route|COVERED (2026-08-27 stmt-class pass): the point IS fully stated in the tree; the status field says which declaration carries which clause. The original finding, taken against the named declaration alone, follows. 139I asserts more than this: that *every* normal Stinespring dilation restricts to a minimal one (on the closure of the span of rho(A)VH). Lean asserts only that a minimal one exists, and gets it from the construction of 135IV being minimal, not by restricting.|repaired: stinespringDilation_restrict_minimal (Stinespring.lean:2353) states 139I's final sentence - every normal Stinespring dilation restricts to a minimal one on the closed span of rho(A)VH - with an isometry witnessing that it is the restriction and its range pinned to that closure. 2026-08-26 B/Dils route pass: REPAIRED (last session, re-verified). 139I's final sentence - every normal Stinespring dilation restricts to a minimal one on the closed span of rho(A)VH - is now stated as stinespringDilation_restrict_minimal (Stinespring.lean:2353), with an isometry witnessing that it is the restriction and its range pinned to that closure. This row's declaration remains the existence half, which is what its stmt verdict records.  2026-08-27 stmt-class pass: RECLASSIFIED weaker -> ok under the `stmt` convention now written into docs/STATEMENT-AUDIT.md (a row grades the POINT, not the named declaration in isolation). Re-read dils.tex:777-802: the final sentence at :800-802 is that EVERY normal Stinespring dilation restricts to a minimal one on the closure of the span of rho(A)VH, and stinespringDilation_restrict_minimal (Stinespring:2365 -- the status line above says :2353, which is stale) states it for an arbitrary D: a minimal D-prime together with a C-linear isometry intertwining the representations, carrying V-prime to V, and with range equal to that closed span, i.e. the point's K-prime. This declaration is the earlier "by construction ... is minimal" sentence (:2327). The only deviation is the recorded one, that D-prime.K is the subtype and the inclusion is witnessed by the isometry. lean_name extended.
139III|dils_univlemma|B/Dils/Stinespring|stronger|faithful|Statement identical to 139III, but no [VonNeumannAlgebra] binder on any of A, B, C, where the thesis says "between von Neumann algebras"; proved without them (Choi's multiplicative-domain lemma needs only C*-algebras), so a true generalisation. Proof is 139IV transcribed.|left-benign: no [VonNeumannAlgebra] binder on A, B or C where 139III says "between von Neumann algebras"; Choi's multiplicative-domain lemma needs only C*-algebras and the proof uses nothing more.
139V|sdMap|B/Dils/Stinespring|ok|none|Auxiliary packaging of the thesis's formal sums sum_i rho(a_i)Vx_i as the image of the algebraic tensor product; not a thesis statement.
139V|dils_univ_stinespring|B/Dils/Stinespring|stronger|mild|Statement matches 139V (unique isometry S with SV = V' and rho = ad_S . rho'), but no [VonNeumannAlgebra A] binder, which the thesis's setting supplies; proved without it. Existence half is the thesis's 139VIII. Uniqueness diverges: instead of ad_S1 = ad_S2 plus the lambda-scaling lemma of westerbaan2016universal plus the V = 0 case split, Lean shows directly that any such T agrees with S on the dense span, via T*y = u and the norm identity.|left-benign: no [VonNeumannAlgebra A] binder (the section variable at Stinespring.lean:2290 is CStarAlgebra only), which the thesis's setting supplies; proved without it.
139IX|exc_chris_univ_prop|B/Dils/Stinespring|stronger|faithful|Universal-arrow form of the exercise, which is what the author's solution actually proves ("this is sufficient to show U has a left adjoint"); the adjunction itself is not packaged. No [VonNeumannAlgebra] binder on the codomain algebra A' over which the universal property quantifies, where the thesis's Rep_cp has von Neumann algebras as objects; proved without it. Otherwise the author's solution step for step.|left-benign: the codomain algebra A' over which the universal property quantifies is only a C*-algebra where Rep_cp has von Neumann objects; proved without.
139XI|ess_uniq_pur|B/Dils/Stinespring|stronger|sorry|FALSE AS STATED. Drops every one of the three alternative hypotheses that the exercise carries in the current dils.tex, and that berr.tex says are needed: "the main result of the exercise as was written does not hold without an extra assumption: either the dilations have to be minimal; the ancillar spaces of the same dimension; or dim H, dim K < infinity". Our statement asserts the conclusion for arbitrary V, W dilating phi. IN FLUX: dils.tex, bsols.tex and berr.tex were all changed within the last two days (HEAD commit "Correct 139XI once more"); audited against the text as of this pass, and more changes are expected. Proof is sorry, so nothing false is proved.|left-ruling: QUESTIONS B12 (139XI ess-uniq-pur). The exercise is false without one of its three alternative hypotheses (ERRATA records the shift counterexample), and the current dils.tex case (ii) is itself defective - dim V-perp = dim W-perp takes the complement in H (x) K' where it must be in K'. Statement unchanged and still sorry, so nothing false is proved.  POINTER EXPIRED, CHECKED 2026-08-29: the verdict stands but its citation does not. This row is filed against QUESTIONS.md B12, and docs/DECISIONS.md 4.1 - the 'do not answer these' list - says of B12 exactly as QUESTIONS.md prints it that the author settled it on 2026-08-18, dils.tex:998 now carrying the disjunction of three hypotheses and berr.tex recording it. The live question is docs/DECISIONS.md 1.4, which is a different one: case (ii) of the corrected exercise takes the complement in H tensor K' where it must be taken in K'. Read this row against 1.4, not against B12. The substance is unchanged and re-checked: our statement still drops all three alternative hypotheses, docs/status.txt still marks ess_uniq_pur red, and 1.4 is still unanswered, so nothing false is proved.
140II|PaschkeTriple|B/Dils/Stinespring|ok|none|Definition of the triple; the von Neumann algebra structure on P is a proof field, as 140II requires. No [VonNeumannAlgebra] binders on A, B (definition).
140II|IsPaschkeDilationOf|B/Dils/Stinespring|ok|none|Matches 140II clause for clause (phi = h . rho plus a unique mediating ncp sigma). Two encoding notes: phi is a bare function rather than a bundled ncp-map, and the universal property quantifies only over competing triples in the same universe u, which is unavoidable in Lean and is the standard restriction.
140III|stinespring_is_paschke|B/Dils/Stinespring|ok|faithful|Exactly 140III (a minimal normal Stinespring dilation gives the Paschke dilation (B(K), rho, ad_V)). 140IV-140VI are transcribed as the proof.
140VIII|paschke_unique_up_to_iso|B/Dils/Stinespring|stronger|faithful|Statement matches 140VIII, but with no [VonNeumannAlgebra] binder on A or B and with phi a bare function; proved without them. REPAIRED session 95: the proof is now 140IX in full. The author's last step cites 99IX (proc.tex, thesis A) to upgrade the ncp-isomorphism to nmiu; the old note said that lemma is off this chapter's import path (QUESTIONS D3, the import-path question: it was resolved by MOVING matBilin_nonneg_of_mi into A/CStar/Matrices with Bas's authorisation, and the section was deleted on 2026-08-16 at f277d72), and Stinespring.lean ran the Kadison-Schwarz + polarisation argument from 34XIV instead. Theses.A.Proc.Measurement imports only A/VN/NormalFunctionals, so importing it here is cycle-free, and Theses.A.Proc.iso is exactly 99IX; sigma and tau are mutually inverse ncpsu-maps because both are unital. 75 lines of Kadison-Schwarz and defect-polarisation gone, and with them the duplicated exists_ncpId / exists_ncpComp / preservesDirSups_id / isLUB_val_of_isLUB, which the section comment said were repeated because A/Proc was off the path. Stinespring.lean 3753 -> 3626 lines.|left-benign: no [VonNeumannAlgebra] binders on A or B and phi a bare function, where the thesis's setting supplies them; proved without them.
140X|paschke_basics_1|B/Dils/Stinespring|stronger|faithful|No [VonNeumannAlgebra A] binder (B's is an explicit argument); proved without it. THESIS SLIP worth an erratum: 140X.1 prints the triple as "(A, rho, id)", which cannot be right for rho : A -> B; the dilating algebra must be B, and the solution in bsols.tex confirms P = B with h = id. Lean uses (B, rho, id).|left-thesis: ERRATA row "140X.1" (OPEN). The printed triple (A, rho, id) cannot typecheck for rho : A -> B; Lean uses the corrected (B, rho, id), which the bsols solution confirms. The separate absence of [VonNeumannAlgebra A] is a benign generalisation. Unconsumed in Theses/ (2026-08-26) -- but so is it in the thesis: `paschke-basics` is cited only at bsols.tex:1307/:1313, and both citations are of part 4. Parts 1-3 are terminal exercise clauses, not a dead limb.
140X|paschke_basics_2|B/Dils/Stinespring|stronger|faithful|Statement matches 140X.2. No [VonNeumannAlgebra] binders on A or B; proved without them. Proof is the bsols argument.|left-benign: no [VonNeumannAlgebra] binders on A or B; proved without them. Unconsumed in Theses/ (2026-08-26) -- but so is it in the thesis: `paschke-basics` is cited only at bsols.tex:1307/:1313, and both citations are of part 4. Parts 1-3 are terminal exercise clauses, not a dead limb.
140X|paschke_basics_3|B/Dils/Stinespring|stronger|mild|Statement matches 140X.3 under an encoding: the direct sums B1 + B2 and P1 + P2 are represented abstractly by algebras with nmiu projections pairing bijectively into the set-theoretic product, plus hypotheses saying phi, rho and h are the pairings. Equivalent, but a different shape from the thesis's biproduct notation. No [VonNeumannAlgebra] binders; proved without them.|left-benign: no [VonNeumannAlgebra] binders; the abstract encoding of the biproduct is equivalent to 140X.3's, only a different shape. Unconsumed in Theses/ (2026-08-26) -- but so is it in the thesis: `paschke-basics` is cited only at bsols.tex:1307/:1313, and both citations are of part 4. Parts 1-3 are terminal exercise clauses, not a dead limb.
140X|paschke_basics_4|B/Dils/Stinespring|stronger|faithful|Statement matches 140X.4 (lambda > 0 real, (P, rho, lambda h) dilates lambda phi). No [VonNeumannAlgebra] binders on A or B; proved without them.|left-benign: no [VonNeumannAlgebra] binders on A or B; proved without them. DEAD LIMB, found 2026-08-26: 140X.4 has ZERO consumers anywhere in Theses/, and it is the one part of 140X the thesis itself uses -- bsols.tex:1307 and :1313 are the ONLY two references to `paschke-basics` in either thesis, both inside the solution to 169XI.1, both applications of part 4 (rescale the whole dilation by lambda). Lean's dils_filter_basics_1 (Pure.lean:2135) deliberately does not take that route: it rescales the mediating h' alone by lambda = (norm(phi 1)+1)^-1, which needs neither the phi(1) <= 1 case split nor the phi(1) != 0 side condition that bsols's lambda = norm(phi 1)^-1 forces. NOT REPAIRED: restoring bsols's route means splitting the 60-line proof into two cases and reinstating a division by norm(phi 1), i.e. strictly more casework for a bookkeeping step that is not the exercise's content. Recorded, not repaired.
140XI.1|paschke_tensor|B/Dils/SelfDual|ok|none|140XI (dils.tex:1244, Examples), item 1: a forward reference to paschke-tensor - if (P_i, rho_i, h_i) is a Paschke dilation of phi_i then (P_1 ox P_2, rho_1 ox rho_2, h_1 ox h_2) is one of phi_1 ox phi_2. The point asserts nothing of its own; all four of its items are converted at the later points they announce. This one is 167I paschke_tensor (SelfDual.lean:10596, the main claim; the furthermore half is paschke_tensor_module, SelfDual.lean:10514). Stinespring.lean:3508 declares 140XI "not converted here", which is right about a dedicated declaration; this row and the three below name where the content lives. Examples, no proof.
140XI.2|paschke_corner|B/Dils/Pure|ok|none|140XI item 2: forward reference to paschke-corner - (cceil(p)A, h_{cceil(p)}, h_p) is a Paschke dilation of h(a) = pap for a projection p. Converted at its own point as 171II paschke_corner (Pure.lean:3981).
140XI.3|paschke_pure|B/Dils/Pure|ok|none|140XI item 3: forward reference to paschke-pure - a map phi with Paschke dilation (P, rho, h) is pure in the sense of 170I iff rho is surjective. Converted at its own point as 171VII paschke_pure (Pure.lean:4074).
140XI.4|dils_filter_basics_1|B/Dils/Pure|ok|none|140XI item 4: forward reference to dils-filter-basics-exercise, "the Paschke dilations of phi and c after phi for a filter c are related". Converted at its own point as 169XI, in three declarations: dils_filter_basics_1 (Pure.lean:2135), dils_filter_basics_2a (Pure.lean:2230) and dils_filter_basics_2b (Pure.lean:2270).
